title,url,license,domain,source
1000 Genomes Project,https://en.wikipedia.org/wiki/1000_Genomes_Project,CC BY-SA 4.0,biology,Wikipedia
16S ribosomal RNA,https://en.wikipedia.org/wiki/16S_ribosomal_RNA,CC BY-SA 4.0,biology,Wikipedia
18S ribosomal RNA,https://en.wikipedia.org/wiki/18S_ribosomal_RNA,CC BY-SA 4.0,biology,Wikipedia
1973 Mount Gambier cave diving accident,https://en.wikipedia.org/wiki/1973_Mount_Gambier_cave_diving_accident,CC BY-SA 4.0,environment,Wikipedia
2021 in climate change,https://en.wikipedia.org/wiki/2021_in_climate_change,CC BY-SA 4.0,environment,Wikipedia
3-Phosphoglyceric acid,https://en.wikipedia.org/wiki/3-Phosphoglyceric_acid,CC BY-SA 4.0,biology,Wikipedia
Abiotic component,https://en.wikipedia.org/wiki/Abiotic_component,CC BY-SA 4.0,biology,Wikipedia
Absorption spectroscopy,https://en.wikipedia.org/wiki/Absorption_spectroscopy,CC BY-SA 4.0,biology,Wikipedia
Academic writing,https://en.wikipedia.org/wiki/Academic_writing,CC BY-SA 4.0,education,Wikipedia
Accessory pigment,https://en.wikipedia.org/wiki/Accessory_pigment,CC BY-SA 4.0,biology,Wikipedia
Acid rain,https://en.wikipedia.org/wiki/Acid_rain,CC BY-SA 4.0,environment,Wikipedia
Actinomycetota,https://en.wikipedia.org/wiki/Actinomycetota,CC BY-SA 4.0,biology,Wikipedia
Activation energy,https://en.wikipedia.org/wiki/Activation_energy,CC BY-SA 4.0,biology,Wikipedia
Acupuncture,https://en.wikipedia.org/wiki/Acupuncture,CC BY-SA 4.0,biology,Wikipedia
Acute radiation syndrome,https://en.wikipedia.org/wiki/Acute_radiation_syndrome,CC BY-SA 4.0,environment,Wikipedia
Acyl-CoA,https://en.wikipedia.org/wiki/Acyl-CoA,CC BY-SA 4.0,biology,Wikipedia
Adaptive immune system,https://en.wikipedia.org/wiki/Adaptive_immune_system,CC BY-SA 4.0,biology,Wikipedia
Adenosine triphosphate,https://en.wikipedia.org/wiki/Adenosine_triphosphate,CC BY-SA 4.0,environment,Wikipedia
Adrenal gland,https://en.wikipedia.org/wiki/Adrenal_gland,CC BY-SA 4.0,biology,Wikipedia
ADS amphibious rifle,https://en.wikipedia.org/wiki/ADS_amphibious_rifle,CC BY-SA 4.0,environment,Wikipedia
Adverse outcome pathway,https://en.wikipedia.org/wiki/Adverse_outcome_pathway,CC BY-SA 4.0,environment,Wikipedia
Aerobic organism,https://en.wikipedia.org/wiki/Aerobic_organism,CC BY-SA 4.0,biology,Wikipedia
Aerospace Medical Association,https://en.wikipedia.org/wiki/Aerospace_Medical_Association,CC BY-SA 4.0,environment,Wikipedia
Afromontane,https://en.wikipedia.org/wiki/Afromontane,CC BY-SA 4.0,environment,Wikipedia
Age of Earth,https://en.wikipedia.org/wiki/Age_of_Earth,CC BY-SA 4.0,environment,Wikipedia
Agenda 21,https://en.wikipedia.org/wiki/Agenda_21,CC BY-SA 4.0,environment,Wikipedia
Agnes Milowka,https://en.wikipedia.org/wiki/Agnes_Milowka,CC BY-SA 4.0,environment,Wikipedia
Agriculture,https://en.wikipedia.org/wiki/Agriculture,CC BY-SA 4.0,environment,Wikipedia
Agrostology,https://en.wikipedia.org/wiki/Agrostology,CC BY-SA 4.0,biology,Wikipedia
Air quality index,https://en.wikipedia.org/wiki/Air_quality_index,CC BY-SA 4.0,environment,Wikipedia
Airy wave theory,https://en.wikipedia.org/wiki/Airy_wave_theory,CC BY-SA 4.0,environment,Wikipedia
Al Gore,https://en.wikipedia.org/wiki/Al_Gore,CC BY-SA 4.0,environment,Wikipedia
Al-Jahiz,https://en.wikipedia.org/wiki/Al-Jahiz,CC BY-SA 4.0,biology,Wikipedia
Alaska,https://en.wikipedia.org/wiki/Alaska,CC BY-SA 4.0,environment,Wikipedia
Alcohol fuel,https://en.wikipedia.org/wiki/Alcohol_fuel,CC BY-SA 4.0,environment,Wikipedia
Alessia Zecchini,https://en.wikipedia.org/wiki/Alessia_Zecchini,CC BY-SA 4.0,environment,Wikipedia
Alf O. Brubakk,https://en.wikipedia.org/wiki/Alf_O._Brubakk,CC BY-SA 4.0,environment,Wikipedia
Algae fuel,https://en.wikipedia.org/wiki/Algae_fuel,CC BY-SA 4.0,environment,Wikipedia
Algal bloom,https://en.wikipedia.org/wiki/Algal_bloom,CC BY-SA 4.0,environment,Wikipedia
Alkali,https://en.wikipedia.org/wiki/Alkali,CC BY-SA 4.0,environment,Wikipedia
AlphaFold,https://en.wikipedia.org/wiki/AlphaFold,CC BY-SA 4.0,environment,Wikipedia
Alternaria,https://en.wikipedia.org/wiki/Alternaria,CC BY-SA 4.0,biology,Wikipedia
Alternative fuel vehicle,https://en.wikipedia.org/wiki/Alternative_fuel_vehicle,CC BY-SA 4.0,environment,Wikipedia
Alternative medicine,https://en.wikipedia.org/wiki/Alternative_medicine,CC BY-SA 4.0,biology,Wikipedia
Altitude,https://en.wikipedia.org/wiki/Altitude,CC BY-SA 4.0,environment,Wikipedia
Aluminium recycling,https://en.wikipedia.org/wiki/Aluminium_recycling,CC BY-SA 4.0,environment,Wikipedia
Amalgamated Press,https://en.wikipedia.org/wiki/Amalgamated_Press,CC BY-SA 4.0,biology,Wikipedia
Amaranthus hybridus,https://en.wikipedia.org/wiki/Amaranthus_hybridus,CC BY-SA 4.0,biology,Wikipedia
American Geophysical Union,https://en.wikipedia.org/wiki/American_Geophysical_Union,CC BY-SA 4.0,environment,Wikipedia
American submarine NR-1,https://en.wikipedia.org/wiki/American_submarine_NR-1,CC BY-SA 4.0,environment,Wikipedia
Amillennialism,https://en.wikipedia.org/wiki/Amillennialism,CC BY-SA 4.0,environment,Wikipedia
Amphibian,https://en.wikipedia.org/wiki/Amphibian,CC BY-SA 4.0,environment,Wikipedia
Amphidromic point,https://en.wikipedia.org/wiki/Amphidromic_point,CC BY-SA 4.0,environment,Wikipedia
Amy Westervelt,https://en.wikipedia.org/wiki/Amy_Westervelt,CC BY-SA 4.0,environment,Wikipedia
Amyloid beta,https://en.wikipedia.org/wiki/Amyloid_beta,CC BY-SA 4.0,biology,Wikipedia
Ancient Rome,https://en.wikipedia.org/wiki/Ancient_Rome,CC BY-SA 4.0,history,Wikipedia
Ancillary services,https://en.wikipedia.org/wiki/Ancillary_services,CC BY-SA 4.0,environment,Wikipedia
Anders Franzén,https://en.wikipedia.org/wiki/Anders_Franz%C3%A9n,CC BY-SA 4.0,environment,Wikipedia
Andrew M. Rappe,https://en.wikipedia.org/wiki/Andrew_M._Rappe,CC BY-SA 4.0,environment,Wikipedia
Andy Torbet,https://en.wikipedia.org/wiki/Andy_Torbet,CC BY-SA 4.0,environment,Wikipedia
Animal echolocation,https://en.wikipedia.org/wiki/Animal_echolocation,CC BY-SA 4.0,environment,Wikipedia
Animal husbandry,https://en.wikipedia.org/wiki/Animal_husbandry,CC BY-SA 4.0,environment,Wikipedia
Animal training,https://en.wikipedia.org/wiki/Animal_training,CC BY-SA 4.0,environment,Wikipedia
Animal-made art,https://en.wikipedia.org/wiki/Animal-made_art,CC BY-SA 4.0,biology,Wikipedia
Anna Marguerite McCann,https://en.wikipedia.org/wiki/Anna_Marguerite_McCann,CC BY-SA 4.0,environment,Wikipedia
Anti-corruption,https://en.wikipedia.org/wiki/Anti-corruption,CC BY-SA 4.0,law_gov,Wikipedia
Anti-fouling paint,https://en.wikipedia.org/wiki/Anti-fouling_paint,CC BY-SA 4.0,environment,Wikipedia
Antibiosis,https://en.wikipedia.org/wiki/Antibiosis,CC BY-SA 4.0,biology,Wikipedia
Antimicrobial resistance,https://en.wikipedia.org/wiki/Antimicrobial_resistance,CC BY-SA 4.0,biology,Wikipedia
Antioxidant,https://en.wikipedia.org/wiki/Antioxidant,CC BY-SA 4.0,biology,Wikipedia
Antiseptic,https://en.wikipedia.org/wiki/Antiseptic,CC BY-SA 4.0,biology,Wikipedia
AP Diving,https://en.wikipedia.org/wiki/AP_Diving,CC BY-SA 4.0,environment,Wikipedia
Aphotic zone,https://en.wikipedia.org/wiki/Aphotic_zone,CC BY-SA 4.0,biology,Wikipedia
Apicoplast,https://en.wikipedia.org/wiki/Apicoplast,CC BY-SA 4.0,biology,Wikipedia
Appendage,https://en.wikipedia.org/wiki/Appendage,CC BY-SA 4.0,environment,Wikipedia
Aqua Lung America,https://en.wikipedia.org/wiki/Aqua_Lung_America,CC BY-SA 4.0,environment,Wikipedia
Aqua Lung/La Spirotechnique,https://en.wikipedia.org/wiki/Aqua_Lung/La_Spirotechnique,CC BY-SA 4.0,environment,Wikipedia
Aquaculture,https://en.wikipedia.org/wiki/Aquaculture,CC BY-SA 4.0,biology,Wikipedia
Aquatic ecosystem,https://en.wikipedia.org/wiki/Aquatic_ecosystem,CC BY-SA 4.0,environment,Wikipedia
Aquatic insect,https://en.wikipedia.org/wiki/Aquatic_insect,CC BY-SA 4.0,environment,Wikipedia
Aquatic methane,https://en.wikipedia.org/wiki/Aquatic_methane,CC BY-SA 4.0,environment,Wikipedia
Aragonite,https://en.wikipedia.org/wiki/Aragonite,CC BY-SA 4.0,environment,Wikipedia
Arbuscular mycorrhiza,https://en.wikipedia.org/wiki/Arbuscular_mycorrhiza,CC BY-SA 4.0,biology,Wikipedia
Archaeogenetics,https://en.wikipedia.org/wiki/Archaeogenetics,CC BY-SA 4.0,biology,Wikipedia
Archaeology,https://en.wikipedia.org/wiki/Archaeology,CC BY-SA 4.0,environment,Wikipedia
Archean,https://en.wikipedia.org/wiki/Archean,CC BY-SA 4.0,environment,Wikipedia
Archegonium,https://en.wikipedia.org/wiki/Archegonium,CC BY-SA 4.0,biology,Wikipedia
Archimedes,https://en.wikipedia.org/wiki/Archimedes,CC BY-SA 4.0,environment,Wikipedia
Architecture,https://en.wikipedia.org/wiki/Architecture,CC BY-SA 4.0,urban,Wikipedia
Arctic Ocean,https://en.wikipedia.org/wiki/Arctic_Ocean,CC BY-SA 4.0,environment,Wikipedia
Ardipithecus ramidus,https://en.wikipedia.org/wiki/Ardipithecus_ramidus,CC BY-SA 4.0,environment,Wikipedia
Armand Peschard-Sverdrup,https://en.wikipedia.org/wiki/Armand_Peschard-Sverdrup,CC BY-SA 4.0,environment,Wikipedia
Armenia,https://en.wikipedia.org/wiki/Armenia,CC BY-SA 4.0,environment,Wikipedia
Artificial intelligence,https://en.wikipedia.org/wiki/Artificial_intelligence,CC BY-SA 4.0,environment,Wikipedia
Artificial neuron,https://en.wikipedia.org/wiki/Artificial_neuron,CC BY-SA 4.0,biology,Wikipedia
Asexual reproduction,https://en.wikipedia.org/wiki/Asexual_reproduction,CC BY-SA 4.0,biology,Wikipedia
Aspergillus,https://en.wikipedia.org/wiki/Aspergillus,CC BY-SA 4.0,biology,Wikipedia
Asphyxia,https://en.wikipedia.org/wiki/Asphyxia,CC BY-SA 4.0,environment,Wikipedia
Assembly rules,https://en.wikipedia.org/wiki/Assembly_rules,CC BY-SA 4.0,biology,Wikipedia
Associated Press,https://en.wikipedia.org/wiki/Associated_Press,CC BY-SA 4.0,environment,Wikipedia
Association of Diving Contractors International,https://en.wikipedia.org/wiki/Association_of_Diving_Contractors_International,CC BY-SA 4.0,environment,Wikipedia
Astronomy,https://en.wikipedia.org/wiki/Astronomy,CC BY-SA 4.0,space,Wikipedia
Atlantic Forest,https://en.wikipedia.org/wiki/Atlantic_Forest,CC BY-SA 4.0,environment,Wikipedia
Atmosphere,https://en.wikipedia.org/wiki/Atmosphere,CC BY-SA 4.0,environment,Wikipedia
Atmosphere of Earth,https://en.wikipedia.org/wiki/Atmosphere_of_Earth,CC BY-SA 4.0,environment,Wikipedia
Atmospheric methane,https://en.wikipedia.org/wiki/Atmospheric_methane,CC BY-SA 4.0,environment,Wikipedia
Atopic dermatitis,https://en.wikipedia.org/wiki/Atopic_dermatitis,CC BY-SA 4.0,biology,Wikipedia
ATPase,https://en.wikipedia.org/wiki/ATPase,CC BY-SA 4.0,biology,Wikipedia
Augustinians,https://en.wikipedia.org/wiki/Augustinians,CC BY-SA 4.0,biology,Wikipedia
Australia,https://en.wikipedia.org/wiki/Australia,CC BY-SA 4.0,environment,Wikipedia
Autecology,https://en.wikipedia.org/wiki/Autecology,CC BY-SA 4.0,biology,Wikipedia
Author,https://en.wikipedia.org/wiki/Author,CC BY-SA 4.0,biology,Wikipedia
AuthorHouse,https://en.wikipedia.org/wiki/AuthorHouse,CC BY-SA 4.0,environment,Wikipedia
Automated vacuum collection,https://en.wikipedia.org/wiki/Automated_vacuum_collection,CC BY-SA 4.0,environment,Wikipedia
Autotroph,https://en.wikipedia.org/wiki/Autotroph,CC BY-SA 4.0,environment,Wikipedia
Avelo diving system,https://en.wikipedia.org/wiki/Avelo_diving_system,CC BY-SA 4.0,environment,Wikipedia
Aviary,https://en.wikipedia.org/wiki/Aviary,CC BY-SA 4.0,environment,Wikipedia
Avoided Deforestation Partners,https://en.wikipedia.org/wiki/Avoided_Deforestation_Partners,CC BY-SA 4.0,environment,Wikipedia
B cell,https://en.wikipedia.org/wiki/B_cell,CC BY-SA 4.0,biology,Wikipedia
Bacillus anthracis,https://en.wikipedia.org/wiki/Bacillus_anthracis,CC BY-SA 4.0,biology,Wikipedia
Background extinction rate,https://en.wikipedia.org/wiki/Background_extinction_rate,CC BY-SA 4.0,environment,Wikipedia
Bacteria,https://en.wikipedia.org/wiki/Bacteria,CC BY-SA 4.0,biology,Wikipedia
Bacterial capsule,https://en.wikipedia.org/wiki/Bacterial_capsule,CC BY-SA 4.0,biology,Wikipedia
Bacterial cell structure,https://en.wikipedia.org/wiki/Bacterial_cell_structure,CC BY-SA 4.0,biology,Wikipedia
Bacterial outer membrane,https://en.wikipedia.org/wiki/Bacterial_outer_membrane,CC BY-SA 4.0,biology,Wikipedia
Bacterial vaginosis,https://en.wikipedia.org/wiki/Bacterial_vaginosis,CC BY-SA 4.0,biology,Wikipedia
Bacterivore,https://en.wikipedia.org/wiki/Bacterivore,CC BY-SA 4.0,biology,Wikipedia
Bagasse,https://en.wikipedia.org/wiki/Bagasse,CC BY-SA 4.0,environment,Wikipedia
Bahrain,https://en.wikipedia.org/wiki/Bahrain,CC BY-SA 4.0,environment,Wikipedia
Ballantine scale,https://en.wikipedia.org/wiki/Ballantine_scale,CC BY-SA 4.0,environment,Wikipedia
Barbados,https://en.wikipedia.org/wiki/Barbados,CC BY-SA 4.0,environment,Wikipedia
Bard College,https://en.wikipedia.org/wiki/Bard_College,CC BY-SA 4.0,environment,Wikipedia
Basal ganglia,https://en.wikipedia.org/wiki/Basal_ganglia,CC BY-SA 4.0,biology,Wikipedia
Base load,https://en.wikipedia.org/wiki/Base_load,CC BY-SA 4.0,environment,Wikipedia
Basic Cave Diving: A Blueprint for Survival,https://en.wikipedia.org/wiki/Basic_Cave_Diving%3A_A_Blueprint_for_Survival,CC BY-SA 4.0,environment,Wikipedia
Basophil,https://en.wikipedia.org/wiki/Basophil,CC BY-SA 4.0,biology,Wikipedia
Bathypelagic zone,https://en.wikipedia.org/wiki/Bathypelagic_zone,CC BY-SA 4.0,biology,Wikipedia
Bathysphere,https://en.wikipedia.org/wiki/Bathysphere,CC BY-SA 4.0,environment,Wikipedia
Beach cusps,https://en.wikipedia.org/wiki/Beach_cusps,CC BY-SA 4.0,environment,Wikipedia
Beach evolution,https://en.wikipedia.org/wiki/Beach_evolution,CC BY-SA 4.0,environment,Wikipedia
Belarus,https://en.wikipedia.org/wiki/Belarus,CC BY-SA 4.0,environment,Wikipedia
Belgium,https://en.wikipedia.org/wiki/Belgium,CC BY-SA 4.0,environment,Wikipedia
Benguela Current,https://en.wikipedia.org/wiki/Benguela_Current,CC BY-SA 4.0,environment,Wikipedia
Benthic zone,https://en.wikipedia.org/wiki/Benthic_zone,CC BY-SA 4.0,environment,Wikipedia
Bermuda Atlantic Time-series Study,https://en.wikipedia.org/wiki/Bermuda_Atlantic_Time-series_Study,CC BY-SA 4.0,environment,Wikipedia
Beta oxidation,https://en.wikipedia.org/wiki/Beta_oxidation,CC BY-SA 4.0,biology,Wikipedia
Bifidobacterium breve,https://en.wikipedia.org/wiki/Bifidobacterium_breve,CC BY-SA 4.0,biology,Wikipedia
Bill Nagle,https://en.wikipedia.org/wiki/Bill_Nagle,CC BY-SA 4.0,environment,Wikipedia
Bioacoustics,https://en.wikipedia.org/wiki/Bioacoustics,CC BY-SA 4.0,environment,Wikipedia
Biocatalysis,https://en.wikipedia.org/wiki/Biocatalysis,CC BY-SA 4.0,biology,Wikipedia
Biochemical cascade,https://en.wikipedia.org/wiki/Biochemical_cascade,CC BY-SA 4.0,biology,Wikipedia
Biodiversity,https://en.wikipedia.org/wiki/Biodiversity,CC BY-SA 4.0,environment,Wikipedia
Biodiversity and drugs,https://en.wikipedia.org/wiki/Biodiversity_and_drugs,CC BY-SA 4.0,environment,Wikipedia
Biodiversity banking,https://en.wikipedia.org/wiki/Biodiversity_banking,CC BY-SA 4.0,environment,Wikipedia
Biodiversity of Borneo,https://en.wikipedia.org/wiki/Biodiversity_of_Borneo,CC BY-SA 4.0,environment,Wikipedia
Biodiversity of Cape Town,https://en.wikipedia.org/wiki/Biodiversity_of_Cape_Town,CC BY-SA 4.0,environment,Wikipedia
Biodiversity of Israel and Palestine,https://en.wikipedia.org/wiki/Biodiversity_of_Israel_and_Palestine,CC BY-SA 4.0,environment,Wikipedia
Biodiversity offsetting,https://en.wikipedia.org/wiki/Biodiversity_offsetting,CC BY-SA 4.0,environment,Wikipedia
Bioenergy with carbon capture and storage,https://en.wikipedia.org/wiki/Bioenergy_with_carbon_capture_and_storage,CC BY-SA 4.0,environment,Wikipedia
Biogeography,https://en.wikipedia.org/wiki/Biogeography,CC BY-SA 4.0,biology,Wikipedia
Biological carbon fixation,https://en.wikipedia.org/wiki/Biological_carbon_fixation,CC BY-SA 4.0,biology,Wikipedia
Biological dark matter,https://en.wikipedia.org/wiki/Biological_dark_matter,CC BY-SA 4.0,biology,Wikipedia
Biological database,https://en.wikipedia.org/wiki/Biological_database,CC BY-SA 4.0,biology,Wikipedia
"Biological Diversity Act, 2002",https://en.wikipedia.org/wiki/Biological_Diversity_Act%2C_2002,CC BY-SA 4.0,environment,Wikipedia
Biological engineering,https://en.wikipedia.org/wiki/Biological_engineering,CC BY-SA 4.0,biology,Wikipedia
Biological interaction,https://en.wikipedia.org/wiki/Biological_interaction,CC BY-SA 4.0,environment,Wikipedia
Biological oceanography,https://en.wikipedia.org/wiki/Biological_oceanography,CC BY-SA 4.0,biology,Wikipedia
Biological pump,https://en.wikipedia.org/wiki/Biological_pump,CC BY-SA 4.0,environment,Wikipedia
Biomedical waste,https://en.wikipedia.org/wiki/Biomedical_waste,CC BY-SA 4.0,environment,Wikipedia
Bioorthogonal chemistry,https://en.wikipedia.org/wiki/Bioorthogonal_chemistry,CC BY-SA 4.0,biology,Wikipedia
Biophysics,https://en.wikipedia.org/wiki/Biophysics,CC BY-SA 4.0,biology,Wikipedia
Bioprospecting,https://en.wikipedia.org/wiki/Bioprospecting,CC BY-SA 4.0,environment,Wikipedia
Bioretention,https://en.wikipedia.org/wiki/Bioretention,CC BY-SA 4.0,environment,Wikipedia
Biotechnology,https://en.wikipedia.org/wiki/Biotechnology,CC BY-SA 4.0,environment,Wikipedia
Black hole,https://en.wikipedia.org/wiki/Black_hole,CC BY-SA 4.0,environment,Wikipedia
Blade element momentum theory,https://en.wikipedia.org/wiki/Blade_element_momentum_theory,CC BY-SA 4.0,environment,Wikipedia
Blast furnace,https://en.wikipedia.org/wiki/Blast_furnace,CC BY-SA 4.0,environment,Wikipedia
Blood gas tension,https://en.wikipedia.org/wiki/Blood_gas_tension,CC BY-SA 4.0,biology,Wikipedia
Blood plasma,https://en.wikipedia.org/wiki/Blood_plasma,CC BY-SA 4.0,biology,Wikipedia
Blue coral,https://en.wikipedia.org/wiki/Blue_coral,CC BY-SA 4.0,environment,Wikipedia
Blue roof,https://en.wikipedia.org/wiki/Blue_roof,CC BY-SA 4.0,environment,Wikipedia
Bob Halstead,https://en.wikipedia.org/wiki/Bob_Halstead,CC BY-SA 4.0,environment,Wikipedia
Boiler,https://en.wikipedia.org/wiki/Boiler,CC BY-SA 4.0,environment,Wikipedia
Border control,https://en.wikipedia.org/wiki/Border_control,CC BY-SA 4.0,environment,Wikipedia
Borehole,https://en.wikipedia.org/wiki/Borehole,CC BY-SA 4.0,environment,Wikipedia
Bottom trawling,https://en.wikipedia.org/wiki/Bottom_trawling,CC BY-SA 4.0,environment,Wikipedia
Brackish marsh,https://en.wikipedia.org/wiki/Brackish_marsh,CC BY-SA 4.0,environment,Wikipedia
Brain health and pollution,https://en.wikipedia.org/wiki/Brain_health_and_pollution,CC BY-SA 4.0,biology,Wikipedia
Brain-derived neurotrophic factor,https://en.wikipedia.org/wiki/Brain-derived_neurotrophic_factor,CC BY-SA 4.0,biology,Wikipedia
Breathing,https://en.wikipedia.org/wiki/Breathing,CC BY-SA 4.0,environment,Wikipedia
Brent Dalrymple,https://en.wikipedia.org/wiki/Brent_Dalrymple,CC BY-SA 4.0,environment,Wikipedia
Bretton Woods Conference,https://en.wikipedia.org/wiki/Bretton_Woods_Conference,CC BY-SA 4.0,environment,Wikipedia
Brittle star,https://en.wikipedia.org/wiki/Brittle_star,CC BY-SA 4.0,environment,Wikipedia
Bruges,https://en.wikipedia.org/wiki/Bruges,CC BY-SA 4.0,environment,Wikipedia
Brundtland Commission,https://en.wikipedia.org/wiki/Brundtland_Commission,CC BY-SA 4.0,environment,Wikipedia
Bryology,https://en.wikipedia.org/wiki/Bryology,CC BY-SA 4.0,biology,Wikipedia
Bryophyte,https://en.wikipedia.org/wiki/Bryophyte,CC BY-SA 4.0,biology,Wikipedia
Building-integrated photovoltaics,https://en.wikipedia.org/wiki/Building-integrated_photovoltaics,CC BY-SA 4.0,environment,Wikipedia
Burbo Bank Offshore Wind Farm,https://en.wikipedia.org/wiki/Burbo_Bank_Offshore_Wind_Farm,CC BY-SA 4.0,environment,Wikipedia
Burkholderia cenocepacia,https://en.wikipedia.org/wiki/Burkholderia_cenocepacia,CC BY-SA 4.0,biology,Wikipedia
Burundi,https://en.wikipedia.org/wiki/Burundi,CC BY-SA 4.0,environment,Wikipedia
Butterfly house,https://en.wikipedia.org/wiki/Butterfly_house,CC BY-SA 4.0,environment,Wikipedia
C. B. van Niel,https://en.wikipedia.org/wiki/C._B._van_Niel,CC BY-SA 4.0,biology,Wikipedia
Caenorhabditis elegans,https://en.wikipedia.org/wiki/Caenorhabditis_elegans,CC BY-SA 4.0,biology,Wikipedia
Caesarean section,https://en.wikipedia.org/wiki/Caesarean_section,CC BY-SA 4.0,biology,Wikipedia
CalCOFI,https://en.wikipedia.org/wiki/CalCOFI,CC BY-SA 4.0,biology,Wikipedia
Calvin cycle,https://en.wikipedia.org/wiki/Calvin_cycle,CC BY-SA 4.0,biology,Wikipedia
Cambrian,https://en.wikipedia.org/wiki/Cambrian,CC BY-SA 4.0,environment,Wikipedia
Cambridge University Library,https://en.wikipedia.org/wiki/Cambridge_University_Library,CC BY-SA 4.0,biology,Wikipedia
Cambridge University Press,https://en.wikipedia.org/wiki/Cambridge_University_Press,CC BY-SA 4.0,environment,Wikipedia
Canadian Armed Forces Divers,https://en.wikipedia.org/wiki/Canadian_Armed_Forces_Divers,CC BY-SA 4.0,environment,Wikipedia
Cancer cell,https://en.wikipedia.org/wiki/Cancer_cell,CC BY-SA 4.0,biology,Wikipedia
Capacitor,https://en.wikipedia.org/wiki/Capacitor,CC BY-SA 4.0,environment,Wikipedia
Capitanian mass extinction event,https://en.wikipedia.org/wiki/Capitanian_mass_extinction_event,CC BY-SA 4.0,environment,Wikipedia
Carbon accounting,https://en.wikipedia.org/wiki/Carbon_accounting,CC BY-SA 4.0,environment,Wikipedia
Carbon emission trading,https://en.wikipedia.org/wiki/Carbon_emission_trading,CC BY-SA 4.0,environment,Wikipedia
Carbon footprint,https://en.wikipedia.org/wiki/Carbon_footprint,CC BY-SA 4.0,environment,Wikipedia
Carbon monoxide poisoning,https://en.wikipedia.org/wiki/Carbon_monoxide_poisoning,CC BY-SA 4.0,environment,Wikipedia
Carbon price,https://en.wikipedia.org/wiki/Carbon_price,CC BY-SA 4.0,environment,Wikipedia
Carbon tax,https://en.wikipedia.org/wiki/Carbon_tax,CC BY-SA 4.0,environment,Wikipedia
Carboniferous rainforest collapse,https://en.wikipedia.org/wiki/Carboniferous_rainforest_collapse,CC BY-SA 4.0,environment,Wikipedia
Cartography,https://en.wikipedia.org/wiki/Cartography,CC BY-SA 4.0,environment,Wikipedia
Carton,https://en.wikipedia.org/wiki/Carton,CC BY-SA 4.0,environment,Wikipedia
Cat gap,https://en.wikipedia.org/wiki/Cat_gap,CC BY-SA 4.0,biology,Wikipedia
Catalytic resonance theory,https://en.wikipedia.org/wiki/Catalytic_resonance_theory,CC BY-SA 4.0,biology,Wikipedia
Catalytic triad,https://en.wikipedia.org/wiki/Catalytic_triad,CC BY-SA 4.0,biology,Wikipedia
Cathy Church,https://en.wikipedia.org/wiki/Cathy_Church,CC BY-SA 4.0,environment,Wikipedia
Causes of climate change,https://en.wikipedia.org/wiki/Causes_of_climate_change,CC BY-SA 4.0,environment,Wikipedia
Celera Corporation,https://en.wikipedia.org/wiki/Celera_Corporation,CC BY-SA 4.0,biology,Wikipedia
Cell biology,https://en.wikipedia.org/wiki/Cell_biology,CC BY-SA 4.0,biology,Wikipedia
Cell cycle checkpoint,https://en.wikipedia.org/wiki/Cell_cycle_checkpoint,CC BY-SA 4.0,biology,Wikipedia
Cell division,https://en.wikipedia.org/wiki/Cell_division,CC BY-SA 4.0,biology,Wikipedia
Cell fusion,https://en.wikipedia.org/wiki/Cell_fusion,CC BY-SA 4.0,biology,Wikipedia
Cell theory,https://en.wikipedia.org/wiki/Cell_theory,CC BY-SA 4.0,environment,Wikipedia
Cellular compartment,https://en.wikipedia.org/wiki/Cellular_compartment,CC BY-SA 4.0,biology,Wikipedia
Cellular microbiology,https://en.wikipedia.org/wiki/Cellular_microbiology,CC BY-SA 4.0,biology,Wikipedia
Cellulosic ethanol,https://en.wikipedia.org/wiki/Cellulosic_ethanol,CC BY-SA 4.0,environment,Wikipedia
Cengage Group,https://en.wikipedia.org/wiki/Cengage_Group,CC BY-SA 4.0,environment,Wikipedia
Central Asia,https://en.wikipedia.org/wiki/Central_Asia,CC BY-SA 4.0,environment,Wikipedia
Central dogma of molecular biology,https://en.wikipedia.org/wiki/Central_dogma_of_molecular_biology,CC BY-SA 4.0,biology,Wikipedia
Central tolerance,https://en.wikipedia.org/wiki/Central_tolerance,CC BY-SA 4.0,biology,Wikipedia
Cetacean,https://en.wikipedia.org/wiki/Cetacean,CC BY-SA 4.0,environment,Wikipedia
CGIAR,https://en.wikipedia.org/wiki/CGIAR,CC BY-SA 4.0,environment,Wikipedia
Chaetognatha,https://en.wikipedia.org/wiki/Chaetognatha,CC BY-SA 4.0,biology,Wikipedia
Charles Darwin,https://en.wikipedia.org/wiki/Charles_Darwin,CC BY-SA 4.0,environment,Wikipedia
Charles Wesley Shilling,https://en.wikipedia.org/wiki/Charles_Wesley_Shilling,CC BY-SA 4.0,environment,Wikipedia
Chartered Institution of Wastes Management,https://en.wikipedia.org/wiki/Chartered_Institution_of_Wastes_Management,CC BY-SA 4.0,environment,Wikipedia
Checklist,https://en.wikipedia.org/wiki/Checklist,CC BY-SA 4.0,environment,Wikipedia
Chemical element,https://en.wikipedia.org/wiki/Chemical_element,CC BY-SA 4.0,environment,Wikipedia
Chemical species,https://en.wikipedia.org/wiki/Chemical_species,CC BY-SA 4.0,biology,Wikipedia
Chemical warfare,https://en.wikipedia.org/wiki/Chemical_warfare,CC BY-SA 4.0,environment,Wikipedia
Cherry picking,https://en.wikipedia.org/wiki/Cherry_picking,CC BY-SA 4.0,environment,Wikipedia
Chesapeake Bay,https://en.wikipedia.org/wiki/Chesapeake_Bay,CC BY-SA 4.0,environment,Wikipedia
Chief Joseph Dam,https://en.wikipedia.org/wiki/Chief_Joseph_Dam,CC BY-SA 4.0,environment,Wikipedia
Children's geographies,https://en.wikipedia.org/wiki/Children%27s_geographies,CC BY-SA 4.0,biology,Wikipedia
Chimaera,https://en.wikipedia.org/wiki/Chimaera,CC BY-SA 4.0,biology,Wikipedia
Chlorophyll fluorescence,https://en.wikipedia.org/wiki/Chlorophyll_fluorescence,CC BY-SA 4.0,biology,Wikipedia
Christopher E. Gerty,https://en.wikipedia.org/wiki/Christopher_E._Gerty,CC BY-SA 4.0,environment,Wikipedia
Chromatid,https://en.wikipedia.org/wiki/Chromatid,CC BY-SA 4.0,biology,Wikipedia
Chromosomal translocation,https://en.wikipedia.org/wiki/Chromosomal_translocation,CC BY-SA 4.0,biology,Wikipedia
Chymosin,https://en.wikipedia.org/wiki/Chymosin,CC BY-SA 4.0,biology,Wikipedia
Chymotrypsin,https://en.wikipedia.org/wiki/Chymotrypsin,CC BY-SA 4.0,biology,Wikipedia
Chymotrypsinogen,https://en.wikipedia.org/wiki/Chymotrypsinogen,CC BY-SA 4.0,biology,Wikipedia
Ciliate,https://en.wikipedia.org/wiki/Ciliate,CC BY-SA 4.0,biology,Wikipedia
Cilium,https://en.wikipedia.org/wiki/Cilium,CC BY-SA 4.0,biology,Wikipedia
Circulatory system,https://en.wikipedia.org/wiki/Circulatory_system,CC BY-SA 4.0,health,Wikipedia
Classical conditioning,https://en.wikipedia.org/wiki/Classical_conditioning,CC BY-SA 4.0,biology,Wikipedia
Classical mechanics,https://en.wikipedia.org/wiki/Classical_mechanics,CC BY-SA 4.0,environment,Wikipedia
Cleaner shrimp,https://en.wikipedia.org/wiki/Cleaner_shrimp,CC BY-SA 4.0,environment,Wikipedia
Climate change,https://en.wikipedia.org/wiki/Climate_change,CC BY-SA 4.0,environment,Wikipedia
Climate change and gender,https://en.wikipedia.org/wiki/Climate_change_and_gender,CC BY-SA 4.0,environment,Wikipedia
Climate change and insurance in the United States,https://en.wikipedia.org/wiki/Climate_change_and_insurance_in_the_United_States,CC BY-SA 4.0,environment,Wikipedia
Climate change art,https://en.wikipedia.org/wiki/Climate_change_art,CC BY-SA 4.0,environment,Wikipedia
Climate change in the United States,https://en.wikipedia.org/wiki/Climate_change_in_the_United_States,CC BY-SA 4.0,environment,Wikipedia
Climate change mitigation,https://en.wikipedia.org/wiki/Climate_change_mitigation,CC BY-SA 4.0,environment,Wikipedia
Climate finance,https://en.wikipedia.org/wiki/Climate_finance,CC BY-SA 4.0,environment,Wikipedia
Climate system,https://en.wikipedia.org/wiki/Climate_system,CC BY-SA 4.0,environment,Wikipedia
Climate variability and change,https://en.wikipedia.org/wiki/Climate_variability_and_change,CC BY-SA 4.0,environment,Wikipedia
Climatology,https://en.wikipedia.org/wiki/Climatology,CC BY-SA 4.0,environment,Wikipedia
Clive Cussler,https://en.wikipedia.org/wiki/Clive_Cussler,CC BY-SA 4.0,environment,Wikipedia
Cloud,https://en.wikipedia.org/wiki/Cloud,CC BY-SA 4.0,environment,Wikipedia
Cloud computing,https://en.wikipedia.org/wiki/Cloud_computing,CC BY-SA 4.0,tech,Wikipedia
Cloud physics,https://en.wikipedia.org/wiki/Cloud_physics,CC BY-SA 4.0,environment,Wikipedia
Co-stimulation,https://en.wikipedia.org/wiki/Co-stimulation,CC BY-SA 4.0,biology,Wikipedia
Coast,https://en.wikipedia.org/wiki/Coast,CC BY-SA 4.0,biology,Wikipedia
Coastal engineering,https://en.wikipedia.org/wiki/Coastal_engineering,CC BY-SA 4.0,environment,Wikipedia
Coastal geography,https://en.wikipedia.org/wiki/Coastal_geography,CC BY-SA 4.0,environment,Wikipedia
Coefficient of relationship,https://en.wikipedia.org/wiki/Coefficient_of_relationship,CC BY-SA 4.0,biology,Wikipedia
Cogeneration,https://en.wikipedia.org/wiki/Cogeneration,CC BY-SA 4.0,environment,Wikipedia
Cognitive bias in animals,https://en.wikipedia.org/wiki/Cognitive_bias_in_animals,CC BY-SA 4.0,biology,Wikipedia
Cognitive biology,https://en.wikipedia.org/wiki/Cognitive_biology,CC BY-SA 4.0,biology,Wikipedia
Cognitive geography,https://en.wikipedia.org/wiki/Cognitive_geography,CC BY-SA 4.0,biology,Wikipedia
Cognitive neuroscience,https://en.wikipedia.org/wiki/Cognitive_neuroscience,CC BY-SA 4.0,biology,Wikipedia
Cognitive science,https://en.wikipedia.org/wiki/Cognitive_science,CC BY-SA 4.0,biology,Wikipedia
Cold shock response,https://en.wikipedia.org/wiki/Cold_shock_response,CC BY-SA 4.0,environment,Wikipedia
Cold War,https://en.wikipedia.org/wiki/Cold_War,CC BY-SA 4.0,history,Wikipedia
Colicin,https://en.wikipedia.org/wiki/Colicin,CC BY-SA 4.0,biology,Wikipedia
Collapsology,https://en.wikipedia.org/wiki/Collapsology,CC BY-SA 4.0,environment,Wikipedia
Colobanthus quitensis,https://en.wikipedia.org/wiki/Colobanthus_quitensis,CC BY-SA 4.0,biology,Wikipedia
Colonialism,https://en.wikipedia.org/wiki/Colonialism,CC BY-SA 4.0,environment,Wikipedia
Colostrum,https://en.wikipedia.org/wiki/Colostrum,CC BY-SA 4.0,biology,Wikipedia
Commensalism,https://en.wikipedia.org/wiki/Commensalism,CC BY-SA 4.0,biology,Wikipedia
Commerce,https://en.wikipedia.org/wiki/Commerce,CC BY-SA 4.0,environment,Wikipedia
Commercial diver registration in South Africa,https://en.wikipedia.org/wiki/Commercial_diver_registration_in_South_Africa,CC BY-SA 4.0,environment,Wikipedia
Commercial offshore diving,https://en.wikipedia.org/wiki/Commercial_offshore_diving,CC BY-SA 4.0,environment,Wikipedia
Common land,https://en.wikipedia.org/wiki/Common_land,CC BY-SA 4.0,environment,Wikipedia
Common name,https://en.wikipedia.org/wiki/Common_name,CC BY-SA 4.0,environment,Wikipedia
Common starling,https://en.wikipedia.org/wiki/Common_starling,CC BY-SA 4.0,biology,Wikipedia
Community,https://en.wikipedia.org/wiki/Community,CC BY-SA 4.0,social,Wikipedia
Community-supported agriculture,https://en.wikipedia.org/wiki/Community-supported_agriculture,CC BY-SA 4.0,environment,Wikipedia
Comparative biology,https://en.wikipedia.org/wiki/Comparative_biology,CC BY-SA 4.0,biology,Wikipedia
Competency-based learning,https://en.wikipedia.org/wiki/Competency-based_learning,CC BY-SA 4.0,environment,Wikipedia
Competitive inhibition,https://en.wikipedia.org/wiki/Competitive_inhibition,CC BY-SA 4.0,biology,Wikipedia
Complement membrane attack complex,https://en.wikipedia.org/wiki/Complement_membrane_attack_complex,CC BY-SA 4.0,biology,Wikipedia
Compost,https://en.wikipedia.org/wiki/Compost,CC BY-SA 4.0,environment,Wikipedia
Compulsive behavior,https://en.wikipedia.org/wiki/Compulsive_behavior,CC BY-SA 4.0,biology,Wikipedia
Computational biology,https://en.wikipedia.org/wiki/Computational_biology,CC BY-SA 4.0,biology,Wikipedia
Computer network,https://en.wikipedia.org/wiki/Computer_network,CC BY-SA 4.0,tech,Wikipedia
Computer security,https://en.wikipedia.org/wiki/Computer_security,CC BY-SA 4.0,tech,Wikipedia
Computer-mediated communication,https://en.wikipedia.org/wiki/Computer-mediated_communication,CC BY-SA 4.0,biology,Wikipedia
Concealed ovulation,https://en.wikipedia.org/wiki/Concealed_ovulation,CC BY-SA 4.0,biology,Wikipedia
Concentrator photovoltaics,https://en.wikipedia.org/wiki/Concentrator_photovoltaics,CC BY-SA 4.0,environment,Wikipedia
Confédération Mondiale des Activités Subaquatiques,https://en.wikipedia.org/wiki/Conf%C3%A9d%C3%A9ration_Mondiale_des_Activit%C3%A9s_Subaquatiques,CC BY-SA 4.0,environment,Wikipedia
Consilience,https://en.wikipedia.org/wiki/Consilience,CC BY-SA 4.0,biology,Wikipedia
Constitutional law,https://en.wikipedia.org/wiki/Constitutional_law,CC BY-SA 4.0,law_gov,Wikipedia
Constructed wetland,https://en.wikipedia.org/wiki/Constructed_wetland,CC BY-SA 4.0,environment,Wikipedia
Continental margin,https://en.wikipedia.org/wiki/Continental_margin,CC BY-SA 4.0,environment,Wikipedia
Convention on Biological Diversity,https://en.wikipedia.org/wiki/Convention_on_Biological_Diversity,CC BY-SA 4.0,environment,Wikipedia
Convention on the Protection of the Underwater Cultural Heritage,https://en.wikipedia.org/wiki/Convention_on_the_Protection_of_the_Underwater_Cultural_Heritage,CC BY-SA 4.0,environment,Wikipedia
Copenhagen Accord,https://en.wikipedia.org/wiki/Copenhagen_Accord,CC BY-SA 4.0,environment,Wikipedia
Coral,https://en.wikipedia.org/wiki/Coral,CC BY-SA 4.0,environment,Wikipedia
Coral reef,https://en.wikipedia.org/wiki/Coral_reef,CC BY-SA 4.0,environment,Wikipedia
Coral reefs in India,https://en.wikipedia.org/wiki/Coral_reefs_in_India,CC BY-SA 4.0,environment,Wikipedia
Coral reefs of the Virgin Islands,https://en.wikipedia.org/wiki/Coral_reefs_of_the_Virgin_Islands,CC BY-SA 4.0,environment,Wikipedia
Coral reefs of Tuvalu,https://en.wikipedia.org/wiki/Coral_reefs_of_Tuvalu,CC BY-SA 4.0,environment,Wikipedia
Corbyn Morris,https://en.wikipedia.org/wiki/Corbyn_Morris,CC BY-SA 4.0,environment,Wikipedia
Corn stover,https://en.wikipedia.org/wiki/Corn_stover,CC BY-SA 4.0,environment,Wikipedia
Coronal mass ejection,https://en.wikipedia.org/wiki/Coronal_mass_ejection,CC BY-SA 4.0,environment,Wikipedia
Corporate environmental responsibility,https://en.wikipedia.org/wiki/Corporate_environmental_responsibility,CC BY-SA 4.0,environment,Wikipedia
Corporate sustainability,https://en.wikipedia.org/wiki/Corporate_sustainability,CC BY-SA 4.0,environment,Wikipedia
CoRR hypothesis,https://en.wikipedia.org/wiki/CoRR_hypothesis,CC BY-SA 4.0,biology,Wikipedia
Correspondence of Charles Darwin,https://en.wikipedia.org/wiki/Correspondence_of_Charles_Darwin,CC BY-SA 4.0,biology,Wikipedia
Corrugated fiberboard,https://en.wikipedia.org/wiki/Corrugated_fiberboard,CC BY-SA 4.0,environment,Wikipedia
Cosmid,https://en.wikipedia.org/wiki/Cosmid,CC BY-SA 4.0,biology,Wikipedia
Cosmological phase transition,https://en.wikipedia.org/wiki/Cosmological_phase_transition,CC BY-SA 4.0,environment,Wikipedia
Cosmology,https://en.wikipedia.org/wiki/Cosmology,CC BY-SA 4.0,space,Wikipedia
Cost of electricity by source,https://en.wikipedia.org/wiki/Cost_of_electricity_by_source,CC BY-SA 4.0,environment,Wikipedia
Crime prevention,https://en.wikipedia.org/wiki/Crime_prevention,CC BY-SA 4.0,social,Wikipedia
Critical thinking,https://en.wikipedia.org/wiki/Critical_thinking,CC BY-SA 4.0,education,Wikipedia
Criticism of evolutionary psychology,https://en.wikipedia.org/wiki/Criticism_of_evolutionary_psychology,CC BY-SA 4.0,biology,Wikipedia
Crop,https://en.wikipedia.org/wiki/Crop,CC BY-SA 4.0,biology,Wikipedia
Crop rotation,https://en.wikipedia.org/wiki/Crop_rotation,CC BY-SA 4.0,agri,Wikipedia
Cross modal plasticity,https://en.wikipedia.org/wiki/Cross_modal_plasticity,CC BY-SA 4.0,biology,Wikipedia
Cruelty to animals,https://en.wikipedia.org/wiki/Cruelty_to_animals,CC BY-SA 4.0,environment,Wikipedia
Cryptography,https://en.wikipedia.org/wiki/Cryptography,CC BY-SA 4.0,tech,Wikipedia
Cultivar,https://en.wikipedia.org/wiki/Cultivar,CC BY-SA 4.0,environment,Wikipedia
Cultural relativism,https://en.wikipedia.org/wiki/Cultural_relativism,CC BY-SA 4.0,social,Wikipedia
Curriculum,https://en.wikipedia.org/wiki/Curriculum,CC BY-SA 4.0,education,Wikipedia
Cushion plant,https://en.wikipedia.org/wiki/Cushion_plant,CC BY-SA 4.0,biology,Wikipedia
Cutlery,https://en.wikipedia.org/wiki/Cutlery,CC BY-SA 4.0,environment,Wikipedia
Cyanobacteria,https://en.wikipedia.org/wiki/Cyanobacteria,CC BY-SA 4.0,environment,Wikipedia
Cyber-security regulation,https://en.wikipedia.org/wiki/Cyber-security_regulation,CC BY-SA 4.0,environment,Wikipedia
Cyberterrorism,https://en.wikipedia.org/wiki/Cyberterrorism,CC BY-SA 4.0,environment,Wikipedia
Cyclin D1,https://en.wikipedia.org/wiki/Cyclin_D1,CC BY-SA 4.0,biology,Wikipedia
Cyclin-dependent kinase 7,https://en.wikipedia.org/wiki/Cyclin-dependent_kinase_7,CC BY-SA 4.0,biology,Wikipedia
Cyclin-dependent kinase 8,https://en.wikipedia.org/wiki/Cyclin-dependent_kinase_8,CC BY-SA 4.0,biology,Wikipedia
Cyclin-dependent kinase 9,https://en.wikipedia.org/wiki/Cyclin-dependent_kinase_9,CC BY-SA 4.0,biology,Wikipedia
Cytochrome c oxidase,https://en.wikipedia.org/wiki/Cytochrome_c_oxidase,CC BY-SA 4.0,biology,Wikipedia
Cytolysin,https://en.wikipedia.org/wiki/Cytolysin,CC BY-SA 4.0,biology,Wikipedia
Cytosol,https://en.wikipedia.org/wiki/Cytosol,CC BY-SA 4.0,biology,Wikipedia
Czech Republic,https://en.wikipedia.org/wiki/Czech_Republic,CC BY-SA 4.0,environment,Wikipedia
Daily light integral,https://en.wikipedia.org/wiki/Daily_light_integral,CC BY-SA 4.0,biology,Wikipedia
Damselfish,https://en.wikipedia.org/wiki/Damselfish,CC BY-SA 4.0,environment,Wikipedia
Daniel M. Tani,https://en.wikipedia.org/wiki/Daniel_M._Tani,CC BY-SA 4.0,environment,Wikipedia
Darrieus wind turbine,https://en.wikipedia.org/wiki/Darrieus_wind_turbine,CC BY-SA 4.0,environment,Wikipedia
Darwinism,https://en.wikipedia.org/wiki/Darwinism,CC BY-SA 4.0,biology,Wikipedia
Database,https://en.wikipedia.org/wiki/Database,CC BY-SA 4.0,tech,Wikipedia
David Gibbins,https://en.wikipedia.org/wiki/David_Gibbins,CC BY-SA 4.0,environment,Wikipedia
David H. Hubel,https://en.wikipedia.org/wiki/David_H._Hubel,CC BY-SA 4.0,biology,Wikipedia
De-identification,https://en.wikipedia.org/wiki/De-identification,CC BY-SA 4.0,biology,Wikipedia
Dean Burk,https://en.wikipedia.org/wiki/Dean_Burk,CC BY-SA 4.0,biology,Wikipedia
Decarboxylation,https://en.wikipedia.org/wiki/Decarboxylation,CC BY-SA 4.0,biology,Wikipedia
Decline in amphibian populations,https://en.wikipedia.org/wiki/Decline_in_amphibian_populations,CC BY-SA 4.0,environment,Wikipedia
Decompression equipment,https://en.wikipedia.org/wiki/Decompression_equipment,CC BY-SA 4.0,environment,Wikipedia
Deep ocean water,https://en.wikipedia.org/wiki/Deep_ocean_water,CC BY-SA 4.0,environment,Wikipedia
Deep-sea community,https://en.wikipedia.org/wiki/Deep-sea_community,CC BY-SA 4.0,environment,Wikipedia
Deep-submergence vehicle,https://en.wikipedia.org/wiki/Deep-submergence_vehicle,CC BY-SA 4.0,biology,Wikipedia
Deforestation,https://en.wikipedia.org/wiki/Deforestation,CC BY-SA 4.0,environment,Wikipedia
Deforestation by continent,https://en.wikipedia.org/wiki/Deforestation_by_continent,CC BY-SA 4.0,environment,Wikipedia
Deforestation during the Roman period,https://en.wikipedia.org/wiki/Deforestation_during_the_Roman_period,CC BY-SA 4.0,environment,Wikipedia
Deforestation in Borneo,https://en.wikipedia.org/wiki/Deforestation_in_Borneo,CC BY-SA 4.0,environment,Wikipedia
Deforestation in Brazil,https://en.wikipedia.org/wiki/Deforestation_in_Brazil,CC BY-SA 4.0,environment,Wikipedia
Deforestation in Central America,https://en.wikipedia.org/wiki/Deforestation_in_Central_America,CC BY-SA 4.0,environment,Wikipedia
Deforestation in Costa Rica,https://en.wikipedia.org/wiki/Deforestation_in_Costa_Rica,CC BY-SA 4.0,environment,Wikipedia
Deforestation in Ethiopia,https://en.wikipedia.org/wiki/Deforestation_in_Ethiopia,CC BY-SA 4.0,environment,Wikipedia
Deforestation in India,https://en.wikipedia.org/wiki/Deforestation_in_India,CC BY-SA 4.0,environment,Wikipedia
Deforestation in Kenya,https://en.wikipedia.org/wiki/Deforestation_in_Kenya,CC BY-SA 4.0,environment,Wikipedia
Deforestation in New Zealand,https://en.wikipedia.org/wiki/Deforestation_in_New_Zealand,CC BY-SA 4.0,environment,Wikipedia
Deforestation in Peru,https://en.wikipedia.org/wiki/Deforestation_in_Peru,CC BY-SA 4.0,environment,Wikipedia
Demand response,https://en.wikipedia.org/wiki/Demand_response,CC BY-SA 4.0,environment,Wikipedia
Demersal zone,https://en.wikipedia.org/wiki/Demersal_zone,CC BY-SA 4.0,environment,Wikipedia
Democracy,https://en.wikipedia.org/wiki/Democracy,CC BY-SA 4.0,law_gov,Wikipedia
Demographics of the world,https://en.wikipedia.org/wiki/Demographics_of_the_world,CC BY-SA 4.0,environment,Wikipedia
Demography,https://en.wikipedia.org/wiki/Demography,CC BY-SA 4.0,environment,Wikipedia
Denis Duboule,https://en.wikipedia.org/wiki/Denis_Duboule,CC BY-SA 4.0,biology,Wikipedia
Denmark,https://en.wikipedia.org/wiki/Denmark,CC BY-SA 4.0,environment,Wikipedia
Dennis Meadows,https://en.wikipedia.org/wiki/Dennis_Meadows,CC BY-SA 4.0,environment,Wikipedia
Deoxyribose,https://en.wikipedia.org/wiki/Deoxyribose,CC BY-SA 4.0,biology,Wikipedia
Desert ecology,https://en.wikipedia.org/wiki/Desert_ecology,CC BY-SA 4.0,biology,Wikipedia
Desertification,https://en.wikipedia.org/wiki/Desertification,CC BY-SA 4.0,environment,Wikipedia
Deserts of Australia,https://en.wikipedia.org/wiki/Deserts_of_Australia,CC BY-SA 4.0,environment,Wikipedia
Detergent enzymes,https://en.wikipedia.org/wiki/Detergent_enzymes,CC BY-SA 4.0,biology,Wikipedia
Development of the nervous system,https://en.wikipedia.org/wiki/Development_of_the_nervous_system,CC BY-SA 4.0,biology,Wikipedia
Developmental biology,https://en.wikipedia.org/wiki/Developmental_biology,CC BY-SA 4.0,environment,Wikipedia
Diabetes,https://en.wikipedia.org/wiki/Diabetes,CC BY-SA 4.0,health,Wikipedia
Diaphoretickes,https://en.wikipedia.org/wiki/Diaphoretickes,CC BY-SA 4.0,biology,Wikipedia
Diatom,https://en.wikipedia.org/wiki/Diatom,CC BY-SA 4.0,biology,Wikipedia
Digital Automated Identification System,https://en.wikipedia.org/wiki/Digital_Automated_Identification_System,CC BY-SA 4.0,environment,Wikipedia
Discards,https://en.wikipedia.org/wiki/Discards,CC BY-SA 4.0,biology,Wikipedia
Dispatchable generation,https://en.wikipedia.org/wiki/Dispatchable_generation,CC BY-SA 4.0,environment,Wikipedia
Dive boat,https://en.wikipedia.org/wiki/Dive_boat,CC BY-SA 4.0,biology,Wikipedia
Diving bell,https://en.wikipedia.org/wiki/Diving_bell,CC BY-SA 4.0,environment,Wikipedia
DNV,https://en.wikipedia.org/wiki/DNV,CC BY-SA 4.0,environment,Wikipedia
Domain specificity,https://en.wikipedia.org/wiki/Domain_specificity,CC BY-SA 4.0,biology,Wikipedia
Dominance (genetics),https://en.wikipedia.org/wiki/Dominance_%28genetics%29,CC BY-SA 4.0,biology,Wikipedia
Dominica,https://en.wikipedia.org/wiki/Dominica,CC BY-SA 4.0,environment,Wikipedia
Domoic acid,https://en.wikipedia.org/wiki/Domoic_acid,CC BY-SA 4.0,environment,Wikipedia
Downregulation and upregulation,https://en.wikipedia.org/wiki/Downregulation_and_upregulation,CC BY-SA 4.0,biology,Wikipedia
Drinking water,https://en.wikipedia.org/wiki/Drinking_water,CC BY-SA 4.0,environment,Wikipedia
Drosophila melanogaster,https://en.wikipedia.org/wiki/Drosophila_melanogaster,CC BY-SA 4.0,biology,Wikipedia
Drug discovery,https://en.wikipedia.org/wiki/Drug_discovery,CC BY-SA 4.0,environment,Wikipedia
DSV Alvin,https://en.wikipedia.org/wiki/DSV_Alvin,CC BY-SA 4.0,environment,Wikipedia
DSV Turtle,https://en.wikipedia.org/wiki/DSV_Turtle,CC BY-SA 4.0,environment,Wikipedia
E. O. Wilson,https://en.wikipedia.org/wiki/E._O._Wilson,CC BY-SA 4.0,environment,Wikipedia
Earth observation satellite,https://en.wikipedia.org/wiki/Earth_observation_satellite,CC BY-SA 4.0,environment,Wikipedia
Earth Strike,https://en.wikipedia.org/wiki/Earth_Strike,CC BY-SA 4.0,environment,Wikipedia
Earth's energy budget,https://en.wikipedia.org/wiki/Earth%27s_energy_budget,CC BY-SA 4.0,environment,Wikipedia
Earth's magnetic field,https://en.wikipedia.org/wiki/Earth%27s_magnetic_field,CC BY-SA 4.0,environment,Wikipedia
Earthquake,https://en.wikipedia.org/wiki/Earthquake,CC BY-SA 4.0,environment,Wikipedia
East Asia,https://en.wikipedia.org/wiki/East_Asia,CC BY-SA 4.0,environment,Wikipedia
Eco-capitalism,https://en.wikipedia.org/wiki/Eco-capitalism,CC BY-SA 4.0,environment,Wikipedia
Eco-innovation,https://en.wikipedia.org/wiki/Eco-innovation,CC BY-SA 4.0,environment,Wikipedia
Ecolabel,https://en.wikipedia.org/wiki/Ecolabel,CC BY-SA 4.0,environment,Wikipedia
Ecological effects of biodiversity,https://en.wikipedia.org/wiki/Ecological_effects_of_biodiversity,CC BY-SA 4.0,environment,Wikipedia
Ecological footprint,https://en.wikipedia.org/wiki/Ecological_footprint,CC BY-SA 4.0,environment,Wikipedia
Ecological grief,https://en.wikipedia.org/wiki/Ecological_grief,CC BY-SA 4.0,environment,Wikipedia
Ecological niche,https://en.wikipedia.org/wiki/Ecological_niche,CC BY-SA 4.0,environment,Wikipedia
Ecological overshoot,https://en.wikipedia.org/wiki/Ecological_overshoot,CC BY-SA 4.0,biology,Wikipedia
Ecological psychology,https://en.wikipedia.org/wiki/Ecological_psychology,CC BY-SA 4.0,biology,Wikipedia
Ecological restoration,https://en.wikipedia.org/wiki/Ecological_restoration,CC BY-SA 4.0,environment,Wikipedia
Ecological Society of America,https://en.wikipedia.org/wiki/Ecological_Society_of_America,CC BY-SA 4.0,environment,Wikipedia
Ecological succession,https://en.wikipedia.org/wiki/Ecological_succession,CC BY-SA 4.0,biology,Wikipedia
Ecology,https://en.wikipedia.org/wiki/Ecology,CC BY-SA 4.0,environment,Wikipedia
Economic analysis of climate change,https://en.wikipedia.org/wiki/Economic_analysis_of_climate_change,CC BY-SA 4.0,environment,Wikipedia
Economic collapse,https://en.wikipedia.org/wiki/Economic_collapse,CC BY-SA 4.0,environment,Wikipedia
Economic development,https://en.wikipedia.org/wiki/Economic_development,CC BY-SA 4.0,environment,Wikipedia
Economic growth,https://en.wikipedia.org/wiki/Economic_growth,CC BY-SA 4.0,environment,Wikipedia
Economic policy,https://en.wikipedia.org/wiki/Economic_policy,CC BY-SA 4.0,environment,Wikipedia
Ecophysiology,https://en.wikipedia.org/wiki/Ecophysiology,CC BY-SA 4.0,biology,Wikipedia
Ecosystem engineer,https://en.wikipedia.org/wiki/Ecosystem_engineer,CC BY-SA 4.0,biology,Wikipedia
Ecosystem-based adaptation,https://en.wikipedia.org/wiki/Ecosystem-based_adaptation,CC BY-SA 4.0,environment,Wikipedia
Edith Rebecca Saunders,https://en.wikipedia.org/wiki/Edith_Rebecca_Saunders,CC BY-SA 4.0,biology,Wikipedia
Educational psychology,https://en.wikipedia.org/wiki/Educational_psychology,CC BY-SA 4.0,education,Wikipedia
Effect size,https://en.wikipedia.org/wiki/Effect_size,CC BY-SA 4.0,environment,Wikipedia
Effects of climate change on health in the Philippines,https://en.wikipedia.org/wiki/Effects_of_climate_change_on_health_in_the_Philippines,CC BY-SA 4.0,environment,Wikipedia
Effects of meditation,https://en.wikipedia.org/wiki/Effects_of_meditation,CC BY-SA 4.0,biology,Wikipedia
Ekman transport,https://en.wikipedia.org/wiki/Ekman_transport,CC BY-SA 4.0,environment,Wikipedia
Electric utility,https://en.wikipedia.org/wiki/Electric_utility,CC BY-SA 4.0,environment,Wikipedia
Electricity generation,https://en.wikipedia.org/wiki/Electricity_generation,CC BY-SA 4.0,environment,Wikipedia
Electrofuel,https://en.wikipedia.org/wiki/Electrofuel,CC BY-SA 4.0,environment,Wikipedia
Electromagnetic pulse,https://en.wikipedia.org/wiki/Electromagnetic_pulse,CC BY-SA 4.0,environment,Wikipedia
Electromagnetism,https://en.wikipedia.org/wiki/Electromagnetism,CC BY-SA 4.0,physics_chem,Wikipedia
Elysia viridis,https://en.wikipedia.org/wiki/Elysia_viridis,CC BY-SA 4.0,biology,Wikipedia
Emission intensity,https://en.wikipedia.org/wiki/Emission_intensity,CC BY-SA 4.0,environment,Wikipedia
Emory University,https://en.wikipedia.org/wiki/Emory_University,CC BY-SA 4.0,biology,Wikipedia
Emotional contagion,https://en.wikipedia.org/wiki/Emotional_contagion,CC BY-SA 4.0,biology,Wikipedia
Emotional geography,https://en.wikipedia.org/wiki/Emotional_geography,CC BY-SA 4.0,biology,Wikipedia
Empedocles,https://en.wikipedia.org/wiki/Empedocles,CC BY-SA 4.0,biology,Wikipedia
Enantioselective synthesis,https://en.wikipedia.org/wiki/Enantioselective_synthesis,CC BY-SA 4.0,biology,Wikipedia
Endocannabinoid system,https://en.wikipedia.org/wiki/Endocannabinoid_system,CC BY-SA 4.0,biology,Wikipedia
Endogenous retrovirus,https://en.wikipedia.org/wiki/Endogenous_retrovirus,CC BY-SA 4.0,biology,Wikipedia
Endoplasmic reticulum,https://en.wikipedia.org/wiki/Endoplasmic_reticulum,CC BY-SA 4.0,biology,Wikipedia
Endosphere,https://en.wikipedia.org/wiki/Endosphere,CC BY-SA 4.0,biology,Wikipedia
Endosymbiont,https://en.wikipedia.org/wiki/Endosymbiont,CC BY-SA 4.0,biology,Wikipedia
Endothermic process,https://en.wikipedia.org/wiki/Endothermic_process,CC BY-SA 4.0,biology,Wikipedia
Energy & Environmental Science,https://en.wikipedia.org/wiki/Energy_%26_Environmental_Science,CC BY-SA 4.0,environment,Wikipedia
Energy carrier,https://en.wikipedia.org/wiki/Energy_carrier,CC BY-SA 4.0,environment,Wikipedia
Energy conservation,https://en.wikipedia.org/wiki/Energy_conservation,CC BY-SA 4.0,environment,Wikipedia
Energy content of biofuel,https://en.wikipedia.org/wiki/Energy_content_of_biofuel,CC BY-SA 4.0,environment,Wikipedia
Energy crop,https://en.wikipedia.org/wiki/Energy_crop,CC BY-SA 4.0,environment,Wikipedia
Energy development,https://en.wikipedia.org/wiki/Energy_development,CC BY-SA 4.0,environment,Wikipedia
Energy engineering,https://en.wikipedia.org/wiki/Energy_engineering,CC BY-SA 4.0,environment,Wikipedia
Energy in Australia,https://en.wikipedia.org/wiki/Energy_in_Australia,CC BY-SA 4.0,environment,Wikipedia
Energy mix,https://en.wikipedia.org/wiki/Energy_mix,CC BY-SA 4.0,environment,Wikipedia
Energy quality,https://en.wikipedia.org/wiki/Energy_quality,CC BY-SA 4.0,biology,Wikipedia
Engineered wood,https://en.wikipedia.org/wiki/Engineered_wood,CC BY-SA 4.0,environment,Wikipedia
Environment of Cuba,https://en.wikipedia.org/wiki/Environment_of_Cuba,CC BY-SA 4.0,environment,Wikipedia
Environment of North Korea,https://en.wikipedia.org/wiki/Environment_of_North_Korea,CC BY-SA 4.0,environment,Wikipedia
Environmental crime,https://en.wikipedia.org/wiki/Environmental_crime,CC BY-SA 4.0,environment,Wikipedia
Environmental design,https://en.wikipedia.org/wiki/Environmental_design,CC BY-SA 4.0,environment,Wikipedia
Environmental DNA,https://en.wikipedia.org/wiki/Environmental_DNA,CC BY-SA 4.0,environment,Wikipedia
Environmental epidemiology,https://en.wikipedia.org/wiki/Environmental_epidemiology,CC BY-SA 4.0,biology,Wikipedia
Environmental finance,https://en.wikipedia.org/wiki/Environmental_finance,CC BY-SA 4.0,environment,Wikipedia
Environmental good,https://en.wikipedia.org/wiki/Environmental_good,CC BY-SA 4.0,environment,Wikipedia
Environmental impact of cleaning products,https://en.wikipedia.org/wiki/Environmental_impact_of_cleaning_products,CC BY-SA 4.0,environment,Wikipedia
Environmental impact of concrete,https://en.wikipedia.org/wiki/Environmental_impact_of_concrete,CC BY-SA 4.0,environment,Wikipedia
Environmental impact of electricity generation,https://en.wikipedia.org/wiki/Environmental_impact_of_electricity_generation,CC BY-SA 4.0,environment,Wikipedia
Environmental impact of irrigation,https://en.wikipedia.org/wiki/Environmental_impact_of_irrigation,CC BY-SA 4.0,environment,Wikipedia
Environmental impact of paper,https://en.wikipedia.org/wiki/Environmental_impact_of_paper,CC BY-SA 4.0,environment,Wikipedia
Environmental impact of the energy industry,https://en.wikipedia.org/wiki/Environmental_impact_of_the_energy_industry,CC BY-SA 4.0,environment,Wikipedia
Environmental impacts of animal agriculture,https://en.wikipedia.org/wiki/Environmental_impacts_of_animal_agriculture,CC BY-SA 4.0,environment,Wikipedia
Environmental issues in China,https://en.wikipedia.org/wiki/Environmental_issues_in_China,CC BY-SA 4.0,environment,Wikipedia
Environmental issues in Iran,https://en.wikipedia.org/wiki/Environmental_issues_in_Iran,CC BY-SA 4.0,environment,Wikipedia
Environmental issues in Mongolia,https://en.wikipedia.org/wiki/Environmental_issues_in_Mongolia,CC BY-SA 4.0,environment,Wikipedia
Environmental issues in Sierra Leone,https://en.wikipedia.org/wiki/Environmental_issues_in_Sierra_Leone,CC BY-SA 4.0,environment,Wikipedia
Environmental issues in Southern Africa,https://en.wikipedia.org/wiki/Environmental_issues_in_Southern_Africa,CC BY-SA 4.0,environment,Wikipedia
Environmental law,https://en.wikipedia.org/wiki/Environmental_law,CC BY-SA 4.0,law_gov,Wikipedia
Environmental mitigation,https://en.wikipedia.org/wiki/Environmental_mitigation,CC BY-SA 4.0,environment,Wikipedia
Environmental security,https://en.wikipedia.org/wiki/Environmental_security,CC BY-SA 4.0,environment,Wikipedia
Enzyme,https://en.wikipedia.org/wiki/Enzyme,CC BY-SA 4.0,environment,Wikipedia
Enzyme catalysis,https://en.wikipedia.org/wiki/Enzyme_catalysis,CC BY-SA 4.0,biology,Wikipedia
Enzyme kinetics,https://en.wikipedia.org/wiki/Enzyme_kinetics,CC BY-SA 4.0,biology,Wikipedia
Eosinophil,https://en.wikipedia.org/wiki/Eosinophil,CC BY-SA 4.0,biology,Wikipedia
Epidemiology,https://en.wikipedia.org/wiki/Epidemiology,CC BY-SA 4.0,biology,Wikipedia
Eran Elinav,https://en.wikipedia.org/wiki/Eran_Elinav,CC BY-SA 4.0,biology,Wikipedia
Ergonomics,https://en.wikipedia.org/wiki/Ergonomics,CC BY-SA 4.0,biology,Wikipedia
Ernst Mayr,https://en.wikipedia.org/wiki/Ernst_Mayr,CC BY-SA 4.0,biology,Wikipedia
Erosion control,https://en.wikipedia.org/wiki/Erosion_control,CC BY-SA 4.0,biology,Wikipedia
Estimates of historical world population,https://en.wikipedia.org/wiki/Estimates_of_historical_world_population,CC BY-SA 4.0,environment,Wikipedia
Estuary,https://en.wikipedia.org/wiki/Estuary,CC BY-SA 4.0,biology,Wikipedia
Ethanol,https://en.wikipedia.org/wiki/Ethanol,CC BY-SA 4.0,biology,Wikipedia
Ethiopia,https://en.wikipedia.org/wiki/Ethiopia,CC BY-SA 4.0,environment,Wikipedia
European Green Deal,https://en.wikipedia.org/wiki/European_Green_Deal,CC BY-SA 4.0,environment,Wikipedia
European Parliament,https://en.wikipedia.org/wiki/European_Parliament,CC BY-SA 4.0,environment,Wikipedia
Eurostat,https://en.wikipedia.org/wiki/Eurostat,CC BY-SA 4.0,environment,Wikipedia
Eutrophication,https://en.wikipedia.org/wiki/Eutrophication,CC BY-SA 4.0,environment,Wikipedia
Evaporation,https://en.wikipedia.org/wiki/Evaporation,CC BY-SA 4.0,environment,Wikipedia
Evoked potential,https://en.wikipedia.org/wiki/Evoked_potential,CC BY-SA 4.0,biology,Wikipedia
Evolution in fiction,https://en.wikipedia.org/wiki/Evolution_in_fiction,CC BY-SA 4.0,biology,Wikipedia
Evolution of cephalopods,https://en.wikipedia.org/wiki/Evolution_of_cephalopods,CC BY-SA 4.0,biology,Wikipedia
Evolution of lemurs,https://en.wikipedia.org/wiki/Evolution_of_lemurs,CC BY-SA 4.0,biology,Wikipedia
Evolution of Macropodidae,https://en.wikipedia.org/wiki/Evolution_of_Macropodidae,CC BY-SA 4.0,biology,Wikipedia
Evolution of spiders,https://en.wikipedia.org/wiki/Evolution_of_spiders,CC BY-SA 4.0,biology,Wikipedia
Evolution of the horse,https://en.wikipedia.org/wiki/Evolution_of_the_horse,CC BY-SA 4.0,biology,Wikipedia
Evolutionary computation,https://en.wikipedia.org/wiki/Evolutionary_computation,CC BY-SA 4.0,biology,Wikipedia
Evolutionary ecology,https://en.wikipedia.org/wiki/Evolutionary_ecology,CC BY-SA 4.0,biology,Wikipedia
Evolutionary invasion analysis,https://en.wikipedia.org/wiki/Evolutionary_invasion_analysis,CC BY-SA 4.0,biology,Wikipedia
Evolutionary neuroscience,https://en.wikipedia.org/wiki/Evolutionary_neuroscience,CC BY-SA 4.0,biology,Wikipedia
Evolutionary origin of religion,https://en.wikipedia.org/wiki/Evolutionary_origin_of_religion,CC BY-SA 4.0,biology,Wikipedia
Evolutionary psychology,https://en.wikipedia.org/wiki/Evolutionary_psychology,CC BY-SA 4.0,biology,Wikipedia
Excavata,https://en.wikipedia.org/wiki/Excavata,CC BY-SA 4.0,biology,Wikipedia
Existential risk from artificial intelligence,https://en.wikipedia.org/wiki/Existential_risk_from_artificial_intelligence,CC BY-SA 4.0,environment,Wikipedia
Exoplanet,https://en.wikipedia.org/wiki/Exoplanet,CC BY-SA 4.0,space,Wikipedia
Experience curve effect,https://en.wikipedia.org/wiki/Experience_curve_effect,CC BY-SA 4.0,environment,Wikipedia
Experiments on Plant Hybridization,https://en.wikipedia.org/wiki/Experiments_on_Plant_Hybridization,CC BY-SA 4.0,biology,Wikipedia
Extended evolutionary synthesis,https://en.wikipedia.org/wiki/Extended_evolutionary_synthesis,CC BY-SA 4.0,biology,Wikipedia
Extinction debt,https://en.wikipedia.org/wiki/Extinction_debt,CC BY-SA 4.0,biology,Wikipedia
Extinction risk from climate change,https://en.wikipedia.org/wiki/Extinction_risk_from_climate_change,CC BY-SA 4.0,environment,Wikipedia
Extremophile,https://en.wikipedia.org/wiki/Extremophile,CC BY-SA 4.0,environment,Wikipedia
Facultative anaerobic organism,https://en.wikipedia.org/wiki/Facultative_anaerobic_organism,CC BY-SA 4.0,biology,Wikipedia
False vacuum,https://en.wikipedia.org/wiki/False_vacuum,CC BY-SA 4.0,environment,Wikipedia
Fatih Birol,https://en.wikipedia.org/wiki/Fatih_Birol,CC BY-SA 4.0,environment,Wikipedia
Federalism,https://en.wikipedia.org/wiki/Federalism,CC BY-SA 4.0,law_gov,Wikipedia
Federated States of Micronesia,https://en.wikipedia.org/wiki/Federated_States_of_Micronesia,CC BY-SA 4.0,environment,Wikipedia
Feed-in tariff,https://en.wikipedia.org/wiki/Feed-in_tariff,CC BY-SA 4.0,environment,Wikipedia
Felicia Keesing,https://en.wikipedia.org/wiki/Felicia_Keesing,CC BY-SA 4.0,environment,Wikipedia
Feudalism,https://en.wikipedia.org/wiki/Feudalism,CC BY-SA 4.0,environment,Wikipedia
Fish,https://en.wikipedia.org/wiki/Fish,CC BY-SA 4.0,environment,Wikipedia
Fisher's principle,https://en.wikipedia.org/wiki/Fisher%27s_principle,CC BY-SA 4.0,biology,Wikipedia
Fishery,https://en.wikipedia.org/wiki/Fishery,CC BY-SA 4.0,environment,Wikipedia
Fishing,https://en.wikipedia.org/wiki/Fishing,CC BY-SA 4.0,environment,Wikipedia
Flavin group,https://en.wikipedia.org/wiki/Flavin_group,CC BY-SA 4.0,biology,Wikipedia
Floral formula,https://en.wikipedia.org/wiki/Floral_formula,CC BY-SA 4.0,biology,Wikipedia
Flower,https://en.wikipedia.org/wiki/Flower,CC BY-SA 4.0,environment,Wikipedia
Flowering plant,https://en.wikipedia.org/wiki/Flowering_plant,CC BY-SA 4.0,environment,Wikipedia
Fluid mechanics,https://en.wikipedia.org/wiki/Fluid_mechanics,CC BY-SA 4.0,physics_chem,Wikipedia
Folate,https://en.wikipedia.org/wiki/Folate,CC BY-SA 4.0,biology,Wikipedia
Food coloring,https://en.wikipedia.org/wiki/Food_coloring,CC BY-SA 4.0,biology,Wikipedia
Food miles,https://en.wikipedia.org/wiki/Food_miles,CC BY-SA 4.0,environment,Wikipedia
Food security,https://en.wikipedia.org/wiki/Food_security,CC BY-SA 4.0,environment,Wikipedia
Foodborne illness,https://en.wikipedia.org/wiki/Foodborne_illness,CC BY-SA 4.0,biology,Wikipedia
Foraminifera,https://en.wikipedia.org/wiki/Foraminifera,CC BY-SA 4.0,environment,Wikipedia
Forest degradation,https://en.wikipedia.org/wiki/Forest_degradation,CC BY-SA 4.0,environment,Wikipedia
Forest management,https://en.wikipedia.org/wiki/Forest_management,CC BY-SA 4.0,environment,Wikipedia
Forestry in Estonia,https://en.wikipedia.org/wiki/Forestry_in_Estonia,CC BY-SA 4.0,environment,Wikipedia
Forestry in Spain,https://en.wikipedia.org/wiki/Forestry_in_Spain,CC BY-SA 4.0,environment,Wikipedia
Four Horsemen of the Apocalypse,https://en.wikipedia.org/wiki/Four_Horsemen_of_the_Apocalypse,CC BY-SA 4.0,environment,Wikipedia
France,https://en.wikipedia.org/wiki/France,CC BY-SA 4.0,environment,Wikipedia
Free education,https://en.wikipedia.org/wiki/Free_education,CC BY-SA 4.0,environment,Wikipedia
Free entropy,https://en.wikipedia.org/wiki/Free_entropy,CC BY-SA 4.0,environment,Wikipedia
Free public transport,https://en.wikipedia.org/wiki/Free_public_transport,CC BY-SA 4.0,environment,Wikipedia
Frequency-dependent selection,https://en.wikipedia.org/wiki/Frequency-dependent_selection,CC BY-SA 4.0,biology,Wikipedia
Fresh water,https://en.wikipedia.org/wiki/Fresh_water,CC BY-SA 4.0,environment,Wikipedia
Freshwater environmental quality parameters,https://en.wikipedia.org/wiki/Freshwater_environmental_quality_parameters,CC BY-SA 4.0,environment,Wikipedia
Fuel oil,https://en.wikipedia.org/wiki/Fuel_oil,CC BY-SA 4.0,environment,Wikipedia
Functional group,https://en.wikipedia.org/wiki/Functional_group,CC BY-SA 4.0,biology,Wikipedia
Fungus-growing ants,https://en.wikipedia.org/wiki/Fungus-growing_ants,CC BY-SA 4.0,biology,Wikipedia
G2 phase,https://en.wikipedia.org/wiki/G2_phase,CC BY-SA 4.0,biology,Wikipedia
Gaia hypothesis,https://en.wikipedia.org/wiki/Gaia_hypothesis,CC BY-SA 4.0,environment,Wikipedia
Galaxy,https://en.wikipedia.org/wiki/Galaxy,CC BY-SA 4.0,space,Wikipedia
Game theory,https://en.wikipedia.org/wiki/Game_theory,CC BY-SA 4.0,biology,Wikipedia
Garbage disposal unit,https://en.wikipedia.org/wiki/Garbage_disposal_unit,CC BY-SA 4.0,environment,Wikipedia
Garrett Hardin,https://en.wikipedia.org/wiki/Garrett_Hardin,CC BY-SA 4.0,environment,Wikipedia
Gastrointestinal tract,https://en.wikipedia.org/wiki/Gastrointestinal_tract,CC BY-SA 4.0,biology,Wikipedia
Gastropod,https://en.wikipedia.org/wiki/Gastropod,CC BY-SA 4.0,biology,Wikipedia
Gemella,https://en.wikipedia.org/wiki/Gemella,CC BY-SA 4.0,biology,Wikipedia
Gender inequality,https://en.wikipedia.org/wiki/Gender_inequality,CC BY-SA 4.0,social,Wikipedia
Genetic history of the British Isles,https://en.wikipedia.org/wiki/Genetic_history_of_the_British_Isles,CC BY-SA 4.0,biology,Wikipedia
Genetic history of the Indigenous peoples of the Americas,https://en.wikipedia.org/wiki/Genetic_history_of_the_Indigenous_peoples_of_the_Americas,CC BY-SA 4.0,biology,Wikipedia
Genetically modified organism,https://en.wikipedia.org/wiki/Genetically_modified_organism,CC BY-SA 4.0,biology,Wikipedia
Genetics,https://en.wikipedia.org/wiki/Genetics,CC BY-SA 4.0,environment,Wikipedia
Genitourinary system,https://en.wikipedia.org/wiki/Genitourinary_system,CC BY-SA 4.0,biology,Wikipedia
Genotype,https://en.wikipedia.org/wiki/Genotype,CC BY-SA 4.0,environment,Wikipedia
Geobotanical prospecting,https://en.wikipedia.org/wiki/Geobotanical_prospecting,CC BY-SA 4.0,biology,Wikipedia
Geodesy,https://en.wikipedia.org/wiki/Geodesy,CC BY-SA 4.0,environment,Wikipedia
Geography,https://en.wikipedia.org/wiki/Geography,CC BY-SA 4.0,environment,Wikipedia
Geography of Burundi,https://en.wikipedia.org/wiki/Geography_of_Burundi,CC BY-SA 4.0,environment,Wikipedia
Geography of Rwanda,https://en.wikipedia.org/wiki/Geography_of_Rwanda,CC BY-SA 4.0,environment,Wikipedia
Geologic time scale,https://en.wikipedia.org/wiki/Geologic_time_scale,CC BY-SA 4.0,environment,Wikipedia
Geology of solar terrestrial planets,https://en.wikipedia.org/wiki/Geology_of_solar_terrestrial_planets,CC BY-SA 4.0,environment,Wikipedia
Gerontology,https://en.wikipedia.org/wiki/Gerontology,CC BY-SA 4.0,biology,Wikipedia
Giant virus,https://en.wikipedia.org/wiki/Giant_virus,CC BY-SA 4.0,biology,Wikipedia
Gifford Pinchot,https://en.wikipedia.org/wiki/Gifford_Pinchot,CC BY-SA 4.0,environment,Wikipedia
Glacial period,https://en.wikipedia.org/wiki/Glacial_period,CC BY-SA 4.0,environment,Wikipedia
Glacier,https://en.wikipedia.org/wiki/Glacier,CC BY-SA 4.0,environment,Wikipedia
Glaciology,https://en.wikipedia.org/wiki/Glaciology,CC BY-SA 4.0,biology,Wikipedia
Glasgow Agreement,https://en.wikipedia.org/wiki/Glasgow_Agreement,CC BY-SA 4.0,environment,Wikipedia
Global Biodiversity Information Facility,https://en.wikipedia.org/wiki/Global_Biodiversity_Information_Facility,CC BY-SA 4.0,environment,Wikipedia
Global governance,https://en.wikipedia.org/wiki/Global_governance,CC BY-SA 4.0,environment,Wikipedia
Global North and Global South,https://en.wikipedia.org/wiki/Global_North_and_Global_South,CC BY-SA 4.0,environment,Wikipedia
Global Positioning System,https://en.wikipedia.org/wiki/Global_Positioning_System,CC BY-SA 4.0,biology,Wikipedia
Global surface temperature,https://en.wikipedia.org/wiki/Global_surface_temperature,CC BY-SA 4.0,environment,Wikipedia
Global warming potential,https://en.wikipedia.org/wiki/Global_warming_potential,CC BY-SA 4.0,environment,Wikipedia
Globalization,https://en.wikipedia.org/wiki/Globalization,CC BY-SA 4.0,environment,Wikipedia
Globular protein,https://en.wikipedia.org/wiki/Globular_protein,CC BY-SA 4.0,biology,Wikipedia
Glucocorticoid,https://en.wikipedia.org/wiki/Glucocorticoid,CC BY-SA 4.0,biology,Wikipedia
Gluconeogenesis,https://en.wikipedia.org/wiki/Gluconeogenesis,CC BY-SA 4.0,biology,Wikipedia
Glucose,https://en.wikipedia.org/wiki/Glucose,CC BY-SA 4.0,biology,Wikipedia
Glycoprotein,https://en.wikipedia.org/wiki/Glycoprotein,CC BY-SA 4.0,biology,Wikipedia
Glycosphingolipid,https://en.wikipedia.org/wiki/Glycosphingolipid,CC BY-SA 4.0,biology,Wikipedia
Glymphatic system,https://en.wikipedia.org/wiki/Glymphatic_system,CC BY-SA 4.0,biology,Wikipedia
Gnathostomata,https://en.wikipedia.org/wiki/Gnathostomata,CC BY-SA 4.0,biology,Wikipedia
Gnotobiosis,https://en.wikipedia.org/wiki/Gnotobiosis,CC BY-SA 4.0,biology,Wikipedia
Goldwind,https://en.wikipedia.org/wiki/Goldwind,CC BY-SA 4.0,environment,Wikipedia
Government budget,https://en.wikipedia.org/wiki/Government_budget,CC BY-SA 4.0,environment,Wikipedia
Gravitational binding energy,https://en.wikipedia.org/wiki/Gravitational_binding_energy,CC BY-SA 4.0,environment,Wikipedia
Gravitational energy,https://en.wikipedia.org/wiki/Gravitational_energy,CC BY-SA 4.0,environment,Wikipedia
Gravitropism,https://en.wikipedia.org/wiki/Gravitropism,CC BY-SA 4.0,biology,Wikipedia
Great Tribulation,https://en.wikipedia.org/wiki/Great_Tribulation,CC BY-SA 4.0,environment,Wikipedia
Green vehicle,https://en.wikipedia.org/wiki/Green_vehicle,CC BY-SA 4.0,environment,Wikipedia
Green world hypothesis,https://en.wikipedia.org/wiki/Green_world_hypothesis,CC BY-SA 4.0,biology,Wikipedia
Greenhouse gas emissions by China,https://en.wikipedia.org/wiki/Greenhouse_gas_emissions_by_China,CC BY-SA 4.0,environment,Wikipedia
Gregor Mendel,https://en.wikipedia.org/wiki/Gregor_Mendel,CC BY-SA 4.0,biology,Wikipedia
Grid energy storage,https://en.wikipedia.org/wiki/Grid_energy_storage,CC BY-SA 4.0,environment,Wikipedia
Groundwater,https://en.wikipedia.org/wiki/Groundwater,CC BY-SA 4.0,environment,Wikipedia
Groundwater depletion,https://en.wikipedia.org/wiki/Groundwater_depletion,CC BY-SA 4.0,environment,Wikipedia
Group II intron,https://en.wikipedia.org/wiki/Group_II_intron,CC BY-SA 4.0,biology,Wikipedia
Group of 77,https://en.wikipedia.org/wiki/Group_of_77,CC BY-SA 4.0,environment,Wikipedia
Growth factor,https://en.wikipedia.org/wiki/Growth_factor,CC BY-SA 4.0,biology,Wikipedia
Habitat destruction,https://en.wikipedia.org/wiki/Habitat_destruction,CC BY-SA 4.0,environment,Wikipedia
Habitat fragmentation,https://en.wikipedia.org/wiki/Habitat_fragmentation,CC BY-SA 4.0,biology,Wikipedia
Haemophilus,https://en.wikipedia.org/wiki/Haemophilus,CC BY-SA 4.0,biology,Wikipedia
Hapten,https://en.wikipedia.org/wiki/Hapten,CC BY-SA 4.0,biology,Wikipedia
Harmful algal bloom,https://en.wikipedia.org/wiki/Harmful_algal_bloom,CC BY-SA 4.0,environment,Wikipedia
Hashimoto's thyroiditis,https://en.wikipedia.org/wiki/Hashimoto%27s_thyroiditis,CC BY-SA 4.0,biology,Wikipedia
Hassall's corpuscles,https://en.wikipedia.org/wiki/Hassall%27s_corpuscles,CC BY-SA 4.0,biology,Wikipedia
Hazard,https://en.wikipedia.org/wiki/Hazard,CC BY-SA 4.0,environment,Wikipedia
Health and environmental effects of transport,https://en.wikipedia.org/wiki/Health_and_environmental_effects_of_transport,CC BY-SA 4.0,environment,Wikipedia
Healthy community design,https://en.wikipedia.org/wiki/Healthy_community_design,CC BY-SA 4.0,environment,Wikipedia
Heat,https://en.wikipedia.org/wiki/Heat,CC BY-SA 4.0,environment,Wikipedia
Heavy industry,https://en.wikipedia.org/wiki/Heavy_industry,CC BY-SA 4.0,environment,Wikipedia
Hemoglobin,https://en.wikipedia.org/wiki/Hemoglobin,CC BY-SA 4.0,biology,Wikipedia
Heterotroph,https://en.wikipedia.org/wiki/Heterotroph,CC BY-SA 4.0,biology,Wikipedia
Heterozygote advantage,https://en.wikipedia.org/wiki/Heterozygote_advantage,CC BY-SA 4.0,biology,Wikipedia
Hill reaction,https://en.wikipedia.org/wiki/Hill_reaction,CC BY-SA 4.0,biology,Wikipedia
Himalayas,https://en.wikipedia.org/wiki/Himalayas,CC BY-SA 4.0,environment,Wikipedia
Histone H1,https://en.wikipedia.org/wiki/Histone_H1,CC BY-SA 4.0,biology,Wikipedia
Historic desertification,https://en.wikipedia.org/wiki/Historic_desertification,CC BY-SA 4.0,environment,Wikipedia
Historical economic geography,https://en.wikipedia.org/wiki/Historical_economic_geography,CC BY-SA 4.0,biology,Wikipedia
History of China,https://en.wikipedia.org/wiki/History_of_China,CC BY-SA 4.0,environment,Wikipedia
History of climate change policy and politics,https://en.wikipedia.org/wiki/History_of_climate_change_policy_and_politics,CC BY-SA 4.0,environment,Wikipedia
History of Earth,https://en.wikipedia.org/wiki/History_of_Earth,CC BY-SA 4.0,environment,Wikipedia
History of ecology,https://en.wikipedia.org/wiki/History_of_ecology,CC BY-SA 4.0,biology,Wikipedia
Holocene extinction,https://en.wikipedia.org/wiki/Holocene_extinction,CC BY-SA 4.0,environment,Wikipedia
Holocentric chromosome,https://en.wikipedia.org/wiki/Holocentric_chromosome,CC BY-SA 4.0,biology,Wikipedia
Hologenomics,https://en.wikipedia.org/wiki/Hologenomics,CC BY-SA 4.0,biology,Wikipedia
Home energy upgrades from public utilities,https://en.wikipedia.org/wiki/Home_energy_upgrades_from_public_utilities,CC BY-SA 4.0,environment,Wikipedia
Hong Kong,https://en.wikipedia.org/wiki/Hong_Kong,CC BY-SA 4.0,environment,Wikipedia
Hormone,https://en.wikipedia.org/wiki/Hormone,CC BY-SA 4.0,biology,Wikipedia
HPTN 052,https://en.wikipedia.org/wiki/HPTN_052,CC BY-SA 4.0,environment,Wikipedia
Hugo von Mohl,https://en.wikipedia.org/wiki/Hugo_von_Mohl,CC BY-SA 4.0,biology,Wikipedia
Human bonding,https://en.wikipedia.org/wiki/Human_bonding,CC BY-SA 4.0,biology,Wikipedia
Human Development Index,https://en.wikipedia.org/wiki/Human_Development_Index,CC BY-SA 4.0,environment,Wikipedia
Human extinction,https://en.wikipedia.org/wiki/Human_extinction,CC BY-SA 4.0,environment,Wikipedia
Human impact on the nitrogen cycle,https://en.wikipedia.org/wiki/Human_impact_on_the_nitrogen_cycle,CC BY-SA 4.0,environment,Wikipedia
Human microbiome,https://en.wikipedia.org/wiki/Human_microbiome,CC BY-SA 4.0,biology,Wikipedia
Human milk microbiome,https://en.wikipedia.org/wiki/Human_milk_microbiome,CC BY-SA 4.0,biology,Wikipedia
Human mitochondrial genetics,https://en.wikipedia.org/wiki/Human_mitochondrial_genetics,CC BY-SA 4.0,biology,Wikipedia
Human mouth,https://en.wikipedia.org/wiki/Human_mouth,CC BY-SA 4.0,biology,Wikipedia
Human multitasking,https://en.wikipedia.org/wiki/Human_multitasking,CC BY-SA 4.0,biology,Wikipedia
Human population planning,https://en.wikipedia.org/wiki/Human_population_planning,CC BY-SA 4.0,environment,Wikipedia
Human rights,https://en.wikipedia.org/wiki/Human_rights,CC BY-SA 4.0,environment,Wikipedia
Human skin,https://en.wikipedia.org/wiki/Human_skin,CC BY-SA 4.0,biology,Wikipedia
Human trafficking,https://en.wikipedia.org/wiki/Human_trafficking,CC BY-SA 4.0,law_gov,Wikipedia
Human-powered helicopter,https://en.wikipedia.org/wiki/Human-powered_helicopter,CC BY-SA 4.0,environment,Wikipedia
Humerus,https://en.wikipedia.org/wiki/Humerus,CC BY-SA 4.0,biology,Wikipedia
Hundredweight,https://en.wikipedia.org/wiki/Hundredweight,CC BY-SA 4.0,environment,Wikipedia
Hybrid power,https://en.wikipedia.org/wiki/Hybrid_power,CC BY-SA 4.0,environment,Wikipedia
Hybrid vehicle,https://en.wikipedia.org/wiki/Hybrid_vehicle,CC BY-SA 4.0,environment,Wikipedia
Hydrochloric acid,https://en.wikipedia.org/wiki/Hydrochloric_acid,CC BY-SA 4.0,environment,Wikipedia
Hydroelectricity,https://en.wikipedia.org/wiki/Hydroelectricity,CC BY-SA 4.0,environment,Wikipedia
Hydrogen sulfide,https://en.wikipedia.org/wiki/Hydrogen_sulfide,CC BY-SA 4.0,biology,Wikipedia
Hydrolysis,https://en.wikipedia.org/wiki/Hydrolysis,CC BY-SA 4.0,biology,Wikipedia
Hydrophobe,https://en.wikipedia.org/wiki/Hydrophobe,CC BY-SA 4.0,biology,Wikipedia
Hydrosphere,https://en.wikipedia.org/wiki/Hydrosphere,CC BY-SA 4.0,environment,Wikipedia
Hydrothermal synthesis,https://en.wikipedia.org/wiki/Hydrothermal_synthesis,CC BY-SA 4.0,biology,Wikipedia
Hypolimnas bolina,https://en.wikipedia.org/wiki/Hypolimnas_bolina,CC BY-SA 4.0,biology,Wikipedia
Illegal logging,https://en.wikipedia.org/wiki/Illegal_logging,CC BY-SA 4.0,environment,Wikipedia
Illegal logging in Madagascar,https://en.wikipedia.org/wiki/Illegal_logging_in_Madagascar,CC BY-SA 4.0,environment,Wikipedia
Immigration,https://en.wikipedia.org/wiki/Immigration,CC BY-SA 4.0,biology,Wikipedia
Immune system,https://en.wikipedia.org/wiki/Immune_system,CC BY-SA 4.0,biology,Wikipedia
Immune tolerance,https://en.wikipedia.org/wiki/Immune_tolerance,CC BY-SA 4.0,biology,Wikipedia
Immune-mediated inflammatory diseases,https://en.wikipedia.org/wiki/Immune-mediated_inflammatory_diseases,CC BY-SA 4.0,biology,Wikipedia
Immunization,https://en.wikipedia.org/wiki/Immunization,CC BY-SA 4.0,biology,Wikipedia
Immunogen,https://en.wikipedia.org/wiki/Immunogen,CC BY-SA 4.0,biology,Wikipedia
Immunoglobulin E,https://en.wikipedia.org/wiki/Immunoglobulin_E,CC BY-SA 4.0,biology,Wikipedia
Immunologic adjuvant,https://en.wikipedia.org/wiki/Immunologic_adjuvant,CC BY-SA 4.0,biology,Wikipedia
Immunological memory,https://en.wikipedia.org/wiki/Immunological_memory,CC BY-SA 4.0,biology,Wikipedia
Immunotherapy,https://en.wikipedia.org/wiki/Immunotherapy,CC BY-SA 4.0,biology,Wikipedia
Indoxyl sulfate,https://en.wikipedia.org/wiki/Indoxyl_sulfate,CC BY-SA 4.0,biology,Wikipedia
Industrial agriculture,https://en.wikipedia.org/wiki/Industrial_agriculture,CC BY-SA 4.0,environment,Wikipedia
Industrial enzymes,https://en.wikipedia.org/wiki/Industrial_enzymes,CC BY-SA 4.0,biology,Wikipedia
Industrial Revolution,https://en.wikipedia.org/wiki/Industrial_Revolution,CC BY-SA 4.0,environment,Wikipedia
Industrialisation,https://en.wikipedia.org/wiki/Industrialisation,CC BY-SA 4.0,biology,Wikipedia
Inflation,https://en.wikipedia.org/wiki/Inflation,CC BY-SA 4.0,economics,Wikipedia
Influenza,https://en.wikipedia.org/wiki/Influenza,CC BY-SA 4.0,biology,Wikipedia
Inhibitory postsynaptic potential,https://en.wikipedia.org/wiki/Inhibitory_postsynaptic_potential,CC BY-SA 4.0,biology,Wikipedia
Innate immune system,https://en.wikipedia.org/wiki/Innate_immune_system,CC BY-SA 4.0,biology,Wikipedia
Innate lymphoid cell,https://en.wikipedia.org/wiki/Innate_lymphoid_cell,CC BY-SA 4.0,biology,Wikipedia
Insulin,https://en.wikipedia.org/wiki/Insulin,CC BY-SA 4.0,biology,Wikipedia
Integrase,https://en.wikipedia.org/wiki/Integrase,CC BY-SA 4.0,biology,Wikipedia
Intellectual property,https://en.wikipedia.org/wiki/Intellectual_property,CC BY-SA 4.0,law_gov,Wikipedia
Interchangeable parts,https://en.wikipedia.org/wiki/Interchangeable_parts,CC BY-SA 4.0,environment,Wikipedia
Interleukin,https://en.wikipedia.org/wiki/Interleukin,CC BY-SA 4.0,biology,Wikipedia
Internal energy,https://en.wikipedia.org/wiki/Internal_energy,CC BY-SA 4.0,environment,Wikipedia
International Atomic Energy Agency,https://en.wikipedia.org/wiki/International_Atomic_Energy_Agency,CC BY-SA 4.0,environment,Wikipedia
International Civil Aviation Organization,https://en.wikipedia.org/wiki/International_Civil_Aviation_Organization,CC BY-SA 4.0,environment,Wikipedia
International Convention on the Elimination of All Forms of Racial Discrimination,https://en.wikipedia.org/wiki/International_Convention_on_the_Elimination_of_All_Forms_of_Racial_Discrimination,CC BY-SA 4.0,environment,Wikipedia
International Monetary Fund,https://en.wikipedia.org/wiki/International_Monetary_Fund,CC BY-SA 4.0,environment,Wikipedia
International Solid Waste Association,https://en.wikipedia.org/wiki/International_Solid_Waste_Association,CC BY-SA 4.0,environment,Wikipedia
International trade,https://en.wikipedia.org/wiki/International_trade,CC BY-SA 4.0,environment,Wikipedia
Internet,https://en.wikipedia.org/wiki/Internet,CC BY-SA 4.0,tech,Wikipedia
Interphase,https://en.wikipedia.org/wiki/Interphase,CC BY-SA 4.0,biology,Wikipedia
Intraoperative neurophysiological monitoring,https://en.wikipedia.org/wiki/Intraoperative_neurophysiological_monitoring,CC BY-SA 4.0,biology,Wikipedia
Introduced species,https://en.wikipedia.org/wiki/Introduced_species,CC BY-SA 4.0,environment,Wikipedia
Invasive species,https://en.wikipedia.org/wiki/Invasive_species,CC BY-SA 4.0,environment,Wikipedia
Iodamoeba buetschlii,https://en.wikipedia.org/wiki/Iodamoeba_buetschlii,CC BY-SA 4.0,biology,Wikipedia
Iodine,https://en.wikipedia.org/wiki/Iodine,CC BY-SA 4.0,biology,Wikipedia
Irrigation,https://en.wikipedia.org/wiki/Irrigation,CC BY-SA 4.0,environment,Wikipedia
Isochromosome,https://en.wikipedia.org/wiki/Isochromosome,CC BY-SA 4.0,biology,Wikipedia
Ivory Coast,https://en.wikipedia.org/wiki/Ivory_Coast,CC BY-SA 4.0,environment,Wikipedia
J. B. S. Haldane,https://en.wikipedia.org/wiki/J._B._S._Haldane,CC BY-SA 4.0,biology,Wikipedia
Jamaica,https://en.wikipedia.org/wiki/Jamaica,CC BY-SA 4.0,environment,Wikipedia
James Hansen,https://en.wikipedia.org/wiki/James_Hansen,CC BY-SA 4.0,environment,Wikipedia
Jean-Baptiste Lamarck,https://en.wikipedia.org/wiki/Jean-Baptiste_Lamarck,CC BY-SA 4.0,biology,Wikipedia
Jerzy Konorski,https://en.wikipedia.org/wiki/Jerzy_Konorski,CC BY-SA 4.0,biology,Wikipedia
Jevons paradox,https://en.wikipedia.org/wiki/Jevons_paradox,CC BY-SA 4.0,environment,Wikipedia
John Innes Centre,https://en.wikipedia.org/wiki/John_Innes_Centre,CC BY-SA 4.0,biology,Wikipedia
Journalism,https://en.wikipedia.org/wiki/Journalism,CC BY-SA 4.0,arts,Wikipedia
Judicial review,https://en.wikipedia.org/wiki/Judicial_review,CC BY-SA 4.0,law_gov,Wikipedia
Kali Yuga,https://en.wikipedia.org/wiki/Kali_Yuga,CC BY-SA 4.0,environment,Wikipedia
Ken Caldeira,https://en.wikipedia.org/wiki/Ken_Caldeira,CC BY-SA 4.0,environment,Wikipedia
Kick scooter,https://en.wikipedia.org/wiki/Kick_scooter,CC BY-SA 4.0,environment,Wikipedia
KIR3DL2,https://en.wikipedia.org/wiki/KIR3DL2,CC BY-SA 4.0,biology,Wikipedia
Labour economics,https://en.wikipedia.org/wiki/Labour_economics,CC BY-SA 4.0,economics,Wikipedia
Lacrimal gland,https://en.wikipedia.org/wiki/Lacrimal_gland,CC BY-SA 4.0,biology,Wikipedia
Lacticaseibacillus casei,https://en.wikipedia.org/wiki/Lacticaseibacillus_casei,CC BY-SA 4.0,biology,Wikipedia
Lactobacillus,https://en.wikipedia.org/wiki/Lactobacillus,CC BY-SA 4.0,biology,Wikipedia
Lactobacillus acidophilus,https://en.wikipedia.org/wiki/Lactobacillus_acidophilus,CC BY-SA 4.0,biology,Wikipedia
Laddermill,https://en.wikipedia.org/wiki/Laddermill,CC BY-SA 4.0,environment,Wikipedia
Laimosphere,https://en.wikipedia.org/wiki/Laimosphere,CC BY-SA 4.0,biology,Wikipedia
Lamarckism,https://en.wikipedia.org/wiki/Lamarckism,CC BY-SA 4.0,biology,Wikipedia
Lancelet,https://en.wikipedia.org/wiki/Lancelet,CC BY-SA 4.0,biology,Wikipedia
Land clearing in Australia,https://en.wikipedia.org/wiki/Land_clearing_in_Australia,CC BY-SA 4.0,environment,Wikipedia
Land footprint,https://en.wikipedia.org/wiki/Land_footprint,CC BY-SA 4.0,environment,Wikipedia
Land rehabilitation,https://en.wikipedia.org/wiki/Land_rehabilitation,CC BY-SA 4.0,environment,Wikipedia
Land use,https://en.wikipedia.org/wiki/Land_use,CC BY-SA 4.0,environment,Wikipedia
"Land use, land-use change, and forestry",https://en.wikipedia.org/wiki/Land_use%2C_land-use_change%2C_and_forestry,CC BY-SA 4.0,environment,Wikipedia
Landsat program,https://en.wikipedia.org/wiki/Landsat_program,CC BY-SA 4.0,environment,Wikipedia
Landscape-scale conservation,https://en.wikipedia.org/wiki/Landscape-scale_conservation,CC BY-SA 4.0,environment,Wikipedia
Language,https://en.wikipedia.org/wiki/Language,CC BY-SA 4.0,arts,Wikipedia
Language acquisition,https://en.wikipedia.org/wiki/Language_acquisition,CC BY-SA 4.0,biology,Wikipedia
Large intestine,https://en.wikipedia.org/wiki/Large_intestine,CC BY-SA 4.0,biology,Wikipedia
Leachate,https://en.wikipedia.org/wiki/Leachate,CC BY-SA 4.0,environment,Wikipedia
Leon Eisenberg,https://en.wikipedia.org/wiki/Leon_Eisenberg,CC BY-SA 4.0,biology,Wikipedia
Leptin,https://en.wikipedia.org/wiki/Leptin,CC BY-SA 4.0,biology,Wikipedia
Leucoplast,https://en.wikipedia.org/wiki/Leucoplast,CC BY-SA 4.0,biology,Wikipedia
Liechtenstein,https://en.wikipedia.org/wiki/Liechtenstein,CC BY-SA 4.0,environment,Wikipedia
Life-cycle greenhouse gas emissions of energy sources,https://en.wikipedia.org/wiki/Life-cycle_greenhouse_gas_emissions_of_energy_sources,CC BY-SA 4.0,environment,Wikipedia
Light-harvesting complex,https://en.wikipedia.org/wiki/Light-harvesting_complex,CC BY-SA 4.0,biology,Wikipedia
Lignin peroxidase,https://en.wikipedia.org/wiki/Lignin_peroxidase,CC BY-SA 4.0,biology,Wikipedia
Linguistics,https://en.wikipedia.org/wiki/Linguistics,CC BY-SA 4.0,arts,Wikipedia
Lipophilic bacteria,https://en.wikipedia.org/wiki/Lipophilic_bacteria,CC BY-SA 4.0,biology,Wikipedia
Lisbon Principles,https://en.wikipedia.org/wiki/Lisbon_Principles,CC BY-SA 4.0,environment,Wikipedia
Literature,https://en.wikipedia.org/wiki/Literature,CC BY-SA 4.0,arts,Wikipedia
Livestock,https://en.wikipedia.org/wiki/Livestock,CC BY-SA 4.0,environment,Wikipedia
Long-term depression,https://en.wikipedia.org/wiki/Long-term_depression,CC BY-SA 4.0,biology,Wikipedia
Louis Pasteur,https://en.wikipedia.org/wiki/Louis_Pasteur,CC BY-SA 4.0,biology,Wikipedia
Luciferase,https://en.wikipedia.org/wiki/Luciferase,CC BY-SA 4.0,biology,Wikipedia
Lupus erythematosus,https://en.wikipedia.org/wiki/Lupus_erythematosus,CC BY-SA 4.0,biology,Wikipedia
Lymph node,https://en.wikipedia.org/wiki/Lymph_node,CC BY-SA 4.0,biology,Wikipedia
Lymphatic vessel,https://en.wikipedia.org/wiki/Lymphatic_vessel,CC BY-SA 4.0,biology,Wikipedia
Lysogenic cycle,https://en.wikipedia.org/wiki/Lysogenic_cycle,CC BY-SA 4.0,biology,Wikipedia
Machine learning,https://en.wikipedia.org/wiki/Machine_learning,CC BY-SA 4.0,biology,Wikipedia
Macromolecular crowding,https://en.wikipedia.org/wiki/Macromolecular_crowding,CC BY-SA 4.0,biology,Wikipedia
Malayan Emergency,https://en.wikipedia.org/wiki/Malayan_Emergency,CC BY-SA 4.0,environment,Wikipedia
Malthusianism,https://en.wikipedia.org/wiki/Malthusianism,CC BY-SA 4.0,environment,Wikipedia
Mammary gland,https://en.wikipedia.org/wiki/Mammary_gland,CC BY-SA 4.0,biology,Wikipedia
Management of HIV/AIDS,https://en.wikipedia.org/wiki/Management_of_HIV/AIDS,CC BY-SA 4.0,biology,Wikipedia
Manfred Eigen,https://en.wikipedia.org/wiki/Manfred_Eigen,CC BY-SA 4.0,biology,Wikipedia
Maranhão,https://en.wikipedia.org/wiki/Maranh%C3%A3o,CC BY-SA 4.0,environment,Wikipedia
Marian Diamond,https://en.wikipedia.org/wiki/Marian_Diamond,CC BY-SA 4.0,biology,Wikipedia
Marine biology,https://en.wikipedia.org/wiki/Marine_biology,CC BY-SA 4.0,biology,Wikipedia
Massively parallel sequencing,https://en.wikipedia.org/wiki/Massively_parallel_sequencing,CC BY-SA 4.0,biology,Wikipedia
Mate choice in humans,https://en.wikipedia.org/wiki/Mate_choice_in_humans,CC BY-SA 4.0,biology,Wikipedia
Material flow accounting,https://en.wikipedia.org/wiki/Material_flow_accounting,CC BY-SA 4.0,environment,Wikipedia
Material flow analysis,https://en.wikipedia.org/wiki/Material_flow_analysis,CC BY-SA 4.0,environment,Wikipedia
Materials science,https://en.wikipedia.org/wiki/Materials_science,CC BY-SA 4.0,physics_chem,Wikipedia
Mathis Wackernagel,https://en.wikipedia.org/wiki/Mathis_Wackernagel,CC BY-SA 4.0,environment,Wikipedia
Medical microbiology,https://en.wikipedia.org/wiki/Medical_microbiology,CC BY-SA 4.0,biology,Wikipedia
Medical Subject Headings,https://en.wikipedia.org/wiki/Medical_Subject_Headings,CC BY-SA 4.0,biology,Wikipedia
Memory,https://en.wikipedia.org/wiki/Memory,CC BY-SA 4.0,biology,Wikipedia
Mental health,https://en.wikipedia.org/wiki/Mental_health,CC BY-SA 4.0,health,Wikipedia
Mere addition paradox,https://en.wikipedia.org/wiki/Mere_addition_paradox,CC BY-SA 4.0,environment,Wikipedia
Messiah,https://en.wikipedia.org/wiki/Messiah,CC BY-SA 4.0,environment,Wikipedia
Metabolic pathway,https://en.wikipedia.org/wiki/Metabolic_pathway,CC BY-SA 4.0,biology,Wikipedia
Metropolis,https://en.wikipedia.org/wiki/Metropolis,CC BY-SA 4.0,environment,Wikipedia
Miasma theory,https://en.wikipedia.org/wiki/Miasma_theory,CC BY-SA 4.0,environment,Wikipedia
Michael Merzenich,https://en.wikipedia.org/wiki/Michael_Merzenich,CC BY-SA 4.0,biology,Wikipedia
Microaerophile,https://en.wikipedia.org/wiki/Microaerophile,CC BY-SA 4.0,biology,Wikipedia
Microbial genetics,https://en.wikipedia.org/wiki/Microbial_genetics,CC BY-SA 4.0,biology,Wikipedia
Microbial metabolism,https://en.wikipedia.org/wiki/Microbial_metabolism,CC BY-SA 4.0,biology,Wikipedia
Microbiome,https://en.wikipedia.org/wiki/Microbiome,CC BY-SA 4.0,biology,Wikipedia
Microbiota-accessible carbohydrates,https://en.wikipedia.org/wiki/Microbiota-accessible_carbohydrates,CC BY-SA 4.0,biology,Wikipedia
Microorganism,https://en.wikipedia.org/wiki/Microorganism,CC BY-SA 4.0,biology,Wikipedia
Migration,https://en.wikipedia.org/wiki/Migration,CC BY-SA 4.0,social,Wikipedia
Mirror neuron,https://en.wikipedia.org/wiki/Mirror_neuron,CC BY-SA 4.0,biology,Wikipedia
Mitosis,https://en.wikipedia.org/wiki/Mitosis,CC BY-SA 4.0,biology,Wikipedia
Mitotic catastrophe,https://en.wikipedia.org/wiki/Mitotic_catastrophe,CC BY-SA 4.0,biology,Wikipedia
Model organism,https://en.wikipedia.org/wiki/Model_organism,CC BY-SA 4.0,biology,Wikipedia
Moldova,https://en.wikipedia.org/wiki/Moldova,CC BY-SA 4.0,environment,Wikipedia
Molecular clock,https://en.wikipedia.org/wiki/Molecular_clock,CC BY-SA 4.0,biology,Wikipedia
Molecular geometry,https://en.wikipedia.org/wiki/Molecular_geometry,CC BY-SA 4.0,biology,Wikipedia
Molecular machine,https://en.wikipedia.org/wiki/Molecular_machine,CC BY-SA 4.0,biology,Wikipedia
Molecular neuroscience,https://en.wikipedia.org/wiki/Molecular_neuroscience,CC BY-SA 4.0,biology,Wikipedia
Monetary policy,https://en.wikipedia.org/wiki/Monetary_policy,CC BY-SA 4.0,economics,Wikipedia
Motor control,https://en.wikipedia.org/wiki/Motor_control,CC BY-SA 4.0,biology,Wikipedia
Multicellular organism,https://en.wikipedia.org/wiki/Multicellular_organism,CC BY-SA 4.0,biology,Wikipedia
Multilingualism,https://en.wikipedia.org/wiki/Multilingualism,CC BY-SA 4.0,education,Wikipedia
Municipality,https://en.wikipedia.org/wiki/Municipality,CC BY-SA 4.0,urban,Wikipedia
Museum,https://en.wikipedia.org/wiki/Museum,CC BY-SA 4.0,arts,Wikipedia
Mutually assured destruction,https://en.wikipedia.org/wiki/Mutually_assured_destruction,CC BY-SA 4.0,environment,Wikipedia
Myelination,https://en.wikipedia.org/wiki/Myelination,CC BY-SA 4.0,biology,Wikipedia
Myeloid tissue,https://en.wikipedia.org/wiki/Myeloid_tissue,CC BY-SA 4.0,biology,Wikipedia
Myosin,https://en.wikipedia.org/wiki/Myosin,CC BY-SA 4.0,biology,Wikipedia
Names of large numbers,https://en.wikipedia.org/wiki/Names_of_large_numbers,CC BY-SA 4.0,biology,Wikipedia
National Institutes of Health,https://en.wikipedia.org/wiki/National_Institutes_of_Health,CC BY-SA 4.0,biology,Wikipedia
Natural gas,https://en.wikipedia.org/wiki/Natural_gas,CC BY-SA 4.0,environment,Wikipedia
Natural resource,https://en.wikipedia.org/wiki/Natural_resource,CC BY-SA 4.0,environment,Wikipedia
Nature reserve,https://en.wikipedia.org/wiki/Nature_reserve,CC BY-SA 4.0,environment,Wikipedia
Nature versus nurture,https://en.wikipedia.org/wiki/Nature_versus_nurture,CC BY-SA 4.0,biology,Wikipedia
Nature-based solutions,https://en.wikipedia.org/wiki/Nature-based_solutions,CC BY-SA 4.0,environment,Wikipedia
Near-Earth object,https://en.wikipedia.org/wiki/Near-Earth_object,CC BY-SA 4.0,environment,Wikipedia
Neisseria,https://en.wikipedia.org/wiki/Neisseria,CC BY-SA 4.0,biology,Wikipedia
Nervous tissue,https://en.wikipedia.org/wiki/Nervous_tissue,CC BY-SA 4.0,biology,Wikipedia
Net-zero emissions,https://en.wikipedia.org/wiki/Net-zero_emissions,CC BY-SA 4.0,environment,Wikipedia
Neuraminidase,https://en.wikipedia.org/wiki/Neuraminidase,CC BY-SA 4.0,biology,Wikipedia
Neuroanthropology,https://en.wikipedia.org/wiki/Neuroanthropology,CC BY-SA 4.0,biology,Wikipedia
Neurodiversity,https://en.wikipedia.org/wiki/Neurodiversity,CC BY-SA 4.0,biology,Wikipedia
Neuroeconomics,https://en.wikipedia.org/wiki/Neuroeconomics,CC BY-SA 4.0,biology,Wikipedia
Neuromorphic computing,https://en.wikipedia.org/wiki/Neuromorphic_computing,CC BY-SA 4.0,biology,Wikipedia
Neuropathology,https://en.wikipedia.org/wiki/Neuropathology,CC BY-SA 4.0,biology,Wikipedia
Neuroplasticity,https://en.wikipedia.org/wiki/Neuroplasticity,CC BY-SA 4.0,biology,Wikipedia
Neuroscience of religion,https://en.wikipedia.org/wiki/Neuroscience_of_religion,CC BY-SA 4.0,biology,Wikipedia
Neuroscientist,https://en.wikipedia.org/wiki/Neuroscientist,CC BY-SA 4.0,biology,Wikipedia
Neurotology,https://en.wikipedia.org/wiki/Neurotology,CC BY-SA 4.0,biology,Wikipedia
Neutral theory of molecular evolution,https://en.wikipedia.org/wiki/Neutral_theory_of_molecular_evolution,CC BY-SA 4.0,biology,Wikipedia
Neutralizing antibody,https://en.wikipedia.org/wiki/Neutralizing_antibody,CC BY-SA 4.0,biology,Wikipedia
New Caledonia,https://en.wikipedia.org/wiki/New_Caledonia,CC BY-SA 4.0,environment,Wikipedia
Newspaper,https://en.wikipedia.org/wiki/Newspaper,CC BY-SA 4.0,environment,Wikipedia
Nicholas Georgescu-Roegen,https://en.wikipedia.org/wiki/Nicholas_Georgescu-Roegen,CC BY-SA 4.0,environment,Wikipedia
Nicotinic acetylcholine receptor,https://en.wikipedia.org/wiki/Nicotinic_acetylcholine_receptor,CC BY-SA 4.0,biology,Wikipedia
Nociplastic pain,https://en.wikipedia.org/wiki/Nociplastic_pain,CC BY-SA 4.0,biology,Wikipedia
Non-competitive inhibition,https://en.wikipedia.org/wiki/Non-competitive_inhibition,CC BY-SA 4.0,biology,Wikipedia
Non-renewable resource,https://en.wikipedia.org/wiki/Non-renewable_resource,CC BY-SA 4.0,environment,Wikipedia
Nuclear power,https://en.wikipedia.org/wiki/Nuclear_power,CC BY-SA 4.0,environment,Wikipedia
Nuclear Threat Initiative,https://en.wikipedia.org/wiki/Nuclear_Threat_Initiative,CC BY-SA 4.0,environment,Wikipedia
Nucleic acid,https://en.wikipedia.org/wiki/Nucleic_acid,CC BY-SA 4.0,biology,Wikipedia
Nucleotide base,https://en.wikipedia.org/wiki/Nucleotide_base,CC BY-SA 4.0,biology,Wikipedia
Nutrient,https://en.wikipedia.org/wiki/Nutrient,CC BY-SA 4.0,biology,Wikipedia
Nutrition,https://en.wikipedia.org/wiki/Nutrition,CC BY-SA 4.0,health,Wikipedia
Oasification,https://en.wikipedia.org/wiki/Oasification,CC BY-SA 4.0,environment,Wikipedia
Obesity,https://en.wikipedia.org/wiki/Obesity,CC BY-SA 4.0,biology,Wikipedia
Ocean acidification,https://en.wikipedia.org/wiki/Ocean_acidification,CC BY-SA 4.0,environment,Wikipedia
On the Origin of Species,https://en.wikipedia.org/wiki/On_the_Origin_of_Species,CC BY-SA 4.0,biology,Wikipedia
Oncogene,https://en.wikipedia.org/wiki/Oncogene,CC BY-SA 4.0,biology,Wikipedia
Optics,https://en.wikipedia.org/wiki/Optics,CC BY-SA 4.0,physics_chem,Wikipedia
Oral administration,https://en.wikipedia.org/wiki/Oral_administration,CC BY-SA 4.0,biology,Wikipedia
Oral microbiology,https://en.wikipedia.org/wiki/Oral_microbiology,CC BY-SA 4.0,biology,Wikipedia
Orbital forcing,https://en.wikipedia.org/wiki/Orbital_forcing,CC BY-SA 4.0,environment,Wikipedia
Organic farming,https://en.wikipedia.org/wiki/Organic_farming,CC BY-SA 4.0,environment,Wikipedia
Organic movement,https://en.wikipedia.org/wiki/Organic_movement,CC BY-SA 4.0,environment,Wikipedia
Organic synthesis,https://en.wikipedia.org/wiki/Organic_synthesis,CC BY-SA 4.0,biology,Wikipedia
Origin of replication,https://en.wikipedia.org/wiki/Origin_of_replication,CC BY-SA 4.0,biology,Wikipedia
Oslo Dumping Convention,https://en.wikipedia.org/wiki/Oslo_Dumping_Convention,CC BY-SA 4.0,environment,Wikipedia
OSPAR Convention,https://en.wikipedia.org/wiki/OSPAR_Convention,CC BY-SA 4.0,environment,Wikipedia
Osteichthyes,https://en.wikipedia.org/wiki/Osteichthyes,CC BY-SA 4.0,biology,Wikipedia
Ottoman Empire,https://en.wikipedia.org/wiki/Ottoman_Empire,CC BY-SA 4.0,history,Wikipedia
Overconsumption,https://en.wikipedia.org/wiki/Overconsumption,CC BY-SA 4.0,environment,Wikipedia
Oxidoreductase,https://en.wikipedia.org/wiki/Oxidoreductase,CC BY-SA 4.0,biology,Wikipedia
Oxygen,https://en.wikipedia.org/wiki/Oxygen,CC BY-SA 4.0,environment,Wikipedia
P53,https://en.wikipedia.org/wiki/P53,CC BY-SA 4.0,biology,Wikipedia
P53 upregulated modulator of apoptosis,https://en.wikipedia.org/wiki/P53_upregulated_modulator_of_apoptosis,CC BY-SA 4.0,biology,Wikipedia
Pacific Northwest,https://en.wikipedia.org/wiki/Pacific_Northwest,CC BY-SA 4.0,environment,Wikipedia
Paleogenetics,https://en.wikipedia.org/wiki/Paleogenetics,CC BY-SA 4.0,biology,Wikipedia
Paleoneurobiology,https://en.wikipedia.org/wiki/Paleoneurobiology,CC BY-SA 4.0,biology,Wikipedia
Paleopolyploidy,https://en.wikipedia.org/wiki/Paleopolyploidy,CC BY-SA 4.0,biology,Wikipedia
Palestine,https://en.wikipedia.org/wiki/Palestine,CC BY-SA 4.0,environment,Wikipedia
Pancreas,https://en.wikipedia.org/wiki/Pancreas,CC BY-SA 4.0,biology,Wikipedia
Parasitism,https://en.wikipedia.org/wiki/Parasitism,CC BY-SA 4.0,biology,Wikipedia
Particulate matter,https://en.wikipedia.org/wiki/Particulate_matter,CC BY-SA 4.0,environment,Wikipedia
Patella,https://en.wikipedia.org/wiki/Patella,CC BY-SA 4.0,biology,Wikipedia
Paul Ehrlich,https://en.wikipedia.org/wiki/Paul_Ehrlich,CC BY-SA 4.0,biology,Wikipedia
Pectinase,https://en.wikipedia.org/wiki/Pectinase,CC BY-SA 4.0,biology,Wikipedia
Pedigree chart,https://en.wikipedia.org/wiki/Pedigree_chart,CC BY-SA 4.0,biology,Wikipedia
Penicillin,https://en.wikipedia.org/wiki/Penicillin,CC BY-SA 4.0,biology,Wikipedia
Periodontal disease,https://en.wikipedia.org/wiki/Periodontal_disease,CC BY-SA 4.0,biology,Wikipedia
Periplasm,https://en.wikipedia.org/wiki/Periplasm,CC BY-SA 4.0,biology,Wikipedia
Personal care products,https://en.wikipedia.org/wiki/Personal_care_products,CC BY-SA 4.0,biology,Wikipedia
Petrochemical,https://en.wikipedia.org/wiki/Petrochemical,CC BY-SA 4.0,environment,Wikipedia
Peyer's patch,https://en.wikipedia.org/wiki/Peyer%27s_patch,CC BY-SA 4.0,biology,Wikipedia
Philippines,https://en.wikipedia.org/wiki/Philippines,CC BY-SA 4.0,environment,Wikipedia
Philosophy,https://en.wikipedia.org/wiki/Philosophy,CC BY-SA 4.0,arts,Wikipedia
Phospholipase A2,https://en.wikipedia.org/wiki/Phospholipase_A2,CC BY-SA 4.0,biology,Wikipedia
Photosynthesis,https://en.wikipedia.org/wiki/Photosynthesis,CC BY-SA 4.0,biology,Wikipedia
Phytoplankton microbiome,https://en.wikipedia.org/wiki/Phytoplankton_microbiome,CC BY-SA 4.0,biology,Wikipedia
Pierre Louis Maupertuis,https://en.wikipedia.org/wiki/Pierre_Louis_Maupertuis,CC BY-SA 4.0,biology,Wikipedia
Placental microbiome,https://en.wikipedia.org/wiki/Placental_microbiome,CC BY-SA 4.0,biology,Wikipedia
Plate tectonics,https://en.wikipedia.org/wiki/Plate_tectonics,CC BY-SA 4.0,earth,Wikipedia
Pollination,https://en.wikipedia.org/wiki/Pollination,CC BY-SA 4.0,agri,Wikipedia
Pollution,https://en.wikipedia.org/wiki/Pollution,CC BY-SA 4.0,environment,Wikipedia
Polymerase,https://en.wikipedia.org/wiki/Polymerase,CC BY-SA 4.0,biology,Wikipedia
Polymerase chain reaction,https://en.wikipedia.org/wiki/Polymerase_chain_reaction,CC BY-SA 4.0,biology,Wikipedia
Population ageing,https://en.wikipedia.org/wiki/Population_ageing,CC BY-SA 4.0,social,Wikipedia
Population Connection,https://en.wikipedia.org/wiki/Population_Connection,CC BY-SA 4.0,environment,Wikipedia
Population model,https://en.wikipedia.org/wiki/Population_model,CC BY-SA 4.0,environment,Wikipedia
Post-transcriptional modification,https://en.wikipedia.org/wiki/Post-transcriptional_modification,CC BY-SA 4.0,biology,Wikipedia
Posterior parietal cortex,https://en.wikipedia.org/wiki/Posterior_parietal_cortex,CC BY-SA 4.0,biology,Wikipedia
Poultry microbiome,https://en.wikipedia.org/wiki/Poultry_microbiome,CC BY-SA 4.0,biology,Wikipedia
Poverty,https://en.wikipedia.org/wiki/Poverty,CC BY-SA 4.0,environment,Wikipedia
Pregnane X receptor,https://en.wikipedia.org/wiki/Pregnane_X_receptor,CC BY-SA 4.0,biology,Wikipedia
Pressure,https://en.wikipedia.org/wiki/Pressure,CC BY-SA 4.0,biology,Wikipedia
Printing press,https://en.wikipedia.org/wiki/Printing_press,CC BY-SA 4.0,history,Wikipedia
Privacy,https://en.wikipedia.org/wiki/Privacy,CC BY-SA 4.0,law_gov,Wikipedia
Product lifecycle,https://en.wikipedia.org/wiki/Product_lifecycle,CC BY-SA 4.0,environment,Wikipedia
Prokaryote,https://en.wikipedia.org/wiki/Prokaryote,CC BY-SA 4.0,biology,Wikipedia
Prophage,https://en.wikipedia.org/wiki/Prophage,CC BY-SA 4.0,biology,Wikipedia
Protamine,https://en.wikipedia.org/wiki/Protamine,CC BY-SA 4.0,biology,Wikipedia
Protein engineering,https://en.wikipedia.org/wiki/Protein_engineering,CC BY-SA 4.0,biology,Wikipedia
Protein family,https://en.wikipedia.org/wiki/Protein_family,CC BY-SA 4.0,biology,Wikipedia
Protein folding,https://en.wikipedia.org/wiki/Protein_folding,CC BY-SA 4.0,biology,Wikipedia
Protist,https://en.wikipedia.org/wiki/Protist,CC BY-SA 4.0,biology,Wikipedia
Psychology,https://en.wikipedia.org/wiki/Psychology,CC BY-SA 4.0,biology,Wikipedia
Public finance,https://en.wikipedia.org/wiki/Public_finance,CC BY-SA 4.0,economics,Wikipedia
Public good,https://en.wikipedia.org/wiki/Public_good,CC BY-SA 4.0,environment,Wikipedia
Public health,https://en.wikipedia.org/wiki/Public_health,CC BY-SA 4.0,health,Wikipedia
Public transport,https://en.wikipedia.org/wiki/Public_transport,CC BY-SA 4.0,urban,Wikipedia
Punnett square,https://en.wikipedia.org/wiki/Punnett_square,CC BY-SA 4.0,biology,Wikipedia
Pyruvate carboxylase,https://en.wikipedia.org/wiki/Pyruvate_carboxylase,CC BY-SA 4.0,biology,Wikipedia
Quantum mechanics,https://en.wikipedia.org/wiki/Quantum_mechanics,CC BY-SA 4.0,physics_chem,Wikipedia
Quorum sensing,https://en.wikipedia.org/wiki/Quorum_sensing,CC BY-SA 4.0,biology,Wikipedia
Radioactive decay,https://en.wikipedia.org/wiki/Radioactive_decay,CC BY-SA 4.0,physics_chem,Wikipedia
Reaction mechanism,https://en.wikipedia.org/wiki/Reaction_mechanism,CC BY-SA 4.0,biology,Wikipedia
Reaction rate,https://en.wikipedia.org/wiki/Reaction_rate,CC BY-SA 4.0,biology,Wikipedia
Reading,https://en.wikipedia.org/wiki/Reading,CC BY-SA 4.0,education,Wikipedia
Recombinant DNA,https://en.wikipedia.org/wiki/Recombinant_DNA,CC BY-SA 4.0,biology,Wikipedia
Rectum,https://en.wikipedia.org/wiki/Rectum,CC BY-SA 4.0,biology,Wikipedia
Recycling,https://en.wikipedia.org/wiki/Recycling,CC BY-SA 4.0,environment,Wikipedia
Reductionism,https://en.wikipedia.org/wiki/Reductionism,CC BY-SA 4.0,biology,Wikipedia
Reflex,https://en.wikipedia.org/wiki/Reflex,CC BY-SA 4.0,biology,Wikipedia
Refugee,https://en.wikipedia.org/wiki/Refugee,CC BY-SA 4.0,law_gov,Wikipedia
Regioselectivity,https://en.wikipedia.org/wiki/Regioselectivity,CC BY-SA 4.0,biology,Wikipedia
Rehabilitation robotics,https://en.wikipedia.org/wiki/Rehabilitation_robotics,CC BY-SA 4.0,biology,Wikipedia
Renewable energy,https://en.wikipedia.org/wiki/Renewable_energy,CC BY-SA 4.0,environment,Wikipedia
Research,https://en.wikipedia.org/wiki/Research,CC BY-SA 4.0,biology,Wikipedia
Respiratory system,https://en.wikipedia.org/wiki/Respiratory_system,CC BY-SA 4.0,biology,Wikipedia
Retinoblastoma protein,https://en.wikipedia.org/wiki/Retinoblastoma_protein,CC BY-SA 4.0,biology,Wikipedia
Retrosynthetic analysis,https://en.wikipedia.org/wiki/Retrosynthetic_analysis,CC BY-SA 4.0,biology,Wikipedia
Retrovirus,https://en.wikipedia.org/wiki/Retrovirus,CC BY-SA 4.0,biology,Wikipedia
Rhizosphere,https://en.wikipedia.org/wiki/Rhizosphere,CC BY-SA 4.0,biology,Wikipedia
Rhodotorula,https://en.wikipedia.org/wiki/Rhodotorula,CC BY-SA 4.0,biology,Wikipedia
Ribozyme,https://en.wikipedia.org/wiki/Ribozyme,CC BY-SA 4.0,biology,Wikipedia
Rio Declaration on Environment and Development,https://en.wikipedia.org/wiki/Rio_Declaration_on_Environment_and_Development,CC BY-SA 4.0,environment,Wikipedia
Robert L. Stivers,https://en.wikipedia.org/wiki/Robert_L._Stivers,CC BY-SA 4.0,environment,Wikipedia
Robotics,https://en.wikipedia.org/wiki/Robotics,CC BY-SA 4.0,tech,Wikipedia
Rural development,https://en.wikipedia.org/wiki/Rural_development,CC BY-SA 4.0,urban,Wikipedia
Rural poverty,https://en.wikipedia.org/wiki/Rural_poverty,CC BY-SA 4.0,environment,Wikipedia
Satellite,https://en.wikipedia.org/wiki/Satellite,CC BY-SA 4.0,space,Wikipedia
Satellite temperature measurement,https://en.wikipedia.org/wiki/Satellite_temperature_measurement,CC BY-SA 4.0,environment,Wikipedia
ScienceAlert,https://en.wikipedia.org/wiki/ScienceAlert,CC BY-SA 4.0,biology,Wikipedia
Seagrass,https://en.wikipedia.org/wiki/Seagrass,CC BY-SA 4.0,biology,Wikipedia
Sebaceous gland,https://en.wikipedia.org/wiki/Sebaceous_gland,CC BY-SA 4.0,biology,Wikipedia
Secondary sector,https://en.wikipedia.org/wiki/Secondary_sector,CC BY-SA 4.0,environment,Wikipedia
Secretary-General of the United Nations,https://en.wikipedia.org/wiki/Secretary-General_of_the_United_Nations,CC BY-SA 4.0,environment,Wikipedia
Semen,https://en.wikipedia.org/wiki/Semen,CC BY-SA 4.0,biology,Wikipedia
Semiconductor,https://en.wikipedia.org/wiki/Semiconductor,CC BY-SA 4.0,physics_chem,Wikipedia
Sensory substitution,https://en.wikipedia.org/wiki/Sensory_substitution,CC BY-SA 4.0,biology,Wikipedia
Sepsis,https://en.wikipedia.org/wiki/Sepsis,CC BY-SA 4.0,biology,Wikipedia
Sequence homology,https://en.wikipedia.org/wiki/Sequence_homology,CC BY-SA 4.0,biology,Wikipedia
Sex hormone,https://en.wikipedia.org/wiki/Sex_hormone,CC BY-SA 4.0,biology,Wikipedia
Sharing economy,https://en.wikipedia.org/wiki/Sharing_economy,CC BY-SA 4.0,environment,Wikipedia
Silk Road,https://en.wikipedia.org/wiki/Silk_Road,CC BY-SA 4.0,history,Wikipedia
Single-nucleotide polymorphism,https://en.wikipedia.org/wiki/Single-nucleotide_polymorphism,CC BY-SA 4.0,biology,Wikipedia
Skin grafting,https://en.wikipedia.org/wiki/Skin_grafting,CC BY-SA 4.0,biology,Wikipedia
Smart city,https://en.wikipedia.org/wiki/Smart_city,CC BY-SA 4.0,urban,Wikipedia
Social inequality,https://en.wikipedia.org/wiki/Social_inequality,CC BY-SA 4.0,social,Wikipedia
Social media,https://en.wikipedia.org/wiki/Social_media,CC BY-SA 4.0,social,Wikipedia
Society,https://en.wikipedia.org/wiki/Society,CC BY-SA 4.0,biology,Wikipedia
Software engineering,https://en.wikipedia.org/wiki/Software_engineering,CC BY-SA 4.0,tech,Wikipedia
Soil conservation,https://en.wikipedia.org/wiki/Soil_conservation,CC BY-SA 4.0,agri,Wikipedia
Soil microbiology,https://en.wikipedia.org/wiki/Soil_microbiology,CC BY-SA 4.0,biology,Wikipedia
Solar power,https://en.wikipedia.org/wiki/Solar_power,CC BY-SA 4.0,environment,Wikipedia
Solar System,https://en.wikipedia.org/wiki/Solar_System,CC BY-SA 4.0,space,Wikipedia
Somatic cell,https://en.wikipedia.org/wiki/Somatic_cell,CC BY-SA 4.0,biology,Wikipedia
Sorbent,https://en.wikipedia.org/wiki/Sorbent,CC BY-SA 4.0,biology,Wikipedia
Space exploration,https://en.wikipedia.org/wiki/Space_exploration,CC BY-SA 4.0,space,Wikipedia
Species,https://en.wikipedia.org/wiki/Species,CC BY-SA 4.0,biology,Wikipedia
Spermosphere,https://en.wikipedia.org/wiki/Spermosphere,CC BY-SA 4.0,biology,Wikipedia
Sphingolipid,https://en.wikipedia.org/wiki/Sphingolipid,CC BY-SA 4.0,biology,Wikipedia
Standardized test,https://en.wikipedia.org/wiki/Standardized_test,CC BY-SA 4.0,education,Wikipedia
Starch,https://en.wikipedia.org/wiki/Starch,CC BY-SA 4.0,biology,Wikipedia
Streptococcus mitis,https://en.wikipedia.org/wiki/Streptococcus_mitis,CC BY-SA 4.0,biology,Wikipedia
Stroke,https://en.wikipedia.org/wiki/Stroke,CC BY-SA 4.0,biology,Wikipedia
Supply and demand,https://en.wikipedia.org/wiki/Supply_and_demand,CC BY-SA 4.0,economics,Wikipedia
Supply chain,https://en.wikipedia.org/wiki/Supply_chain,CC BY-SA 4.0,environment,Wikipedia
Surface-supplied diving equipment,https://en.wikipedia.org/wiki/Surface-supplied_diving_equipment,CC BY-SA 4.0,environment,Wikipedia
Sustainability,https://en.wikipedia.org/wiki/Sustainability,CC BY-SA 4.0,environment,Wikipedia
Sustainability and systemic change resistance,https://en.wikipedia.org/wiki/Sustainability_and_systemic_change_resistance,CC BY-SA 4.0,environment,Wikipedia
Sustainability metrics and indices,https://en.wikipedia.org/wiki/Sustainability_metrics_and_indices,CC BY-SA 4.0,environment,Wikipedia
Sustainable art,https://en.wikipedia.org/wiki/Sustainable_art,CC BY-SA 4.0,environment,Wikipedia
Sustainable development,https://en.wikipedia.org/wiki/Sustainable_development,CC BY-SA 4.0,environment,Wikipedia
Sustainable Development Goals,https://en.wikipedia.org/wiki/Sustainable_Development_Goals,CC BY-SA 4.0,environment,Wikipedia
Sustainable energy,https://en.wikipedia.org/wiki/Sustainable_energy,CC BY-SA 4.0,environment,Wikipedia
Sustainable gardening,https://en.wikipedia.org/wiki/Sustainable_gardening,CC BY-SA 4.0,environment,Wikipedia
Sustainable materials management,https://en.wikipedia.org/wiki/Sustainable_materials_management,CC BY-SA 4.0,environment,Wikipedia
Sustainable procurement,https://en.wikipedia.org/wiki/Sustainable_procurement,CC BY-SA 4.0,environment,Wikipedia
Synbiotic,https://en.wikipedia.org/wiki/Synbiotic,CC BY-SA 4.0,biology,Wikipedia
Systems neuroscience,https://en.wikipedia.org/wiki/Systems_neuroscience,CC BY-SA 4.0,biology,Wikipedia
Systems theory,https://en.wikipedia.org/wiki/Systems_theory,CC BY-SA 4.0,environment,Wikipedia
Telomerase,https://en.wikipedia.org/wiki/Telomerase,CC BY-SA 4.0,biology,Wikipedia
Thalamus,https://en.wikipedia.org/wiki/Thalamus,CC BY-SA 4.0,biology,Wikipedia
Theatre,https://en.wikipedia.org/wiki/Theatre,CC BY-SA 4.0,arts,Wikipedia
Thermodynamics,https://en.wikipedia.org/wiki/Thermodynamics,CC BY-SA 4.0,physics_chem,Wikipedia
Timeline of immunology,https://en.wikipedia.org/wiki/Timeline_of_immunology,CC BY-SA 4.0,biology,Wikipedia
Transferase,https://en.wikipedia.org/wiki/Transferase,CC BY-SA 4.0,biology,Wikipedia
Transketolase,https://en.wikipedia.org/wiki/Transketolase,CC BY-SA 4.0,biology,Wikipedia
Triosephosphate isomerase,https://en.wikipedia.org/wiki/Triosephosphate_isomerase,CC BY-SA 4.0,biology,Wikipedia
Ultraviolet,https://en.wikipedia.org/wiki/Ultraviolet,CC BY-SA 4.0,biology,Wikipedia
Underwater acoustics,https://en.wikipedia.org/wiki/Underwater_acoustics,CC BY-SA 4.0,environment,Wikipedia
University of Wisconsin–Madison,https://en.wikipedia.org/wiki/University_of_Wisconsin%E2%80%93Madison,CC BY-SA 4.0,biology,Wikipedia
Urbanization,https://en.wikipedia.org/wiki/Urbanization,CC BY-SA 4.0,urban,Wikipedia
Vaccination,https://en.wikipedia.org/wiki/Vaccination,CC BY-SA 4.0,health,Wikipedia
Vasopressin,https://en.wikipedia.org/wiki/Vasopressin,CC BY-SA 4.0,biology,Wikipedia
Virulence factor,https://en.wikipedia.org/wiki/Virulence_factor,CC BY-SA 4.0,biology,Wikipedia
Visual system,https://en.wikipedia.org/wiki/Visual_system,CC BY-SA 4.0,biology,Wikipedia
Vitalism,https://en.wikipedia.org/wiki/Vitalism,CC BY-SA 4.0,biology,Wikipedia
Volcano,https://en.wikipedia.org/wiki/Volcano,CC BY-SA 4.0,earth,Wikipedia
Volume,https://en.wikipedia.org/wiki/Volume,CC BY-SA 4.0,biology,Wikipedia
Wakefulness,https://en.wikipedia.org/wiki/Wakefulness,CC BY-SA 4.0,biology,Wikipedia
Walther Spielmeyer,https://en.wikipedia.org/wiki/Walther_Spielmeyer,CC BY-SA 4.0,biology,Wikipedia
War,https://en.wikipedia.org/wiki/War,CC BY-SA 4.0,environment,Wikipedia
Waste management,https://en.wikipedia.org/wiki/Waste_management,CC BY-SA 4.0,environment,Wikipedia
Water cycle,https://en.wikipedia.org/wiki/Water_cycle,CC BY-SA 4.0,earth,Wikipedia
Water jet cutter,https://en.wikipedia.org/wiki/Water_jet_cutter,CC BY-SA 4.0,environment,Wikipedia
Water scarcity,https://en.wikipedia.org/wiki/Water_scarcity,CC BY-SA 4.0,environment,Wikipedia
Weathering,https://en.wikipedia.org/wiki/Weathering,CC BY-SA 4.0,earth,Wikipedia
Wildlife of Burkina Faso,https://en.wikipedia.org/wiki/Wildlife_of_Burkina_Faso,CC BY-SA 4.0,environment,Wikipedia
Wildlife of Cameroon,https://en.wikipedia.org/wiki/Wildlife_of_Cameroon,CC BY-SA 4.0,environment,Wikipedia
Wildlife of Egypt,https://en.wikipedia.org/wiki/Wildlife_of_Egypt,CC BY-SA 4.0,environment,Wikipedia
Wildlife of Greece,https://en.wikipedia.org/wiki/Wildlife_of_Greece,CC BY-SA 4.0,environment,Wikipedia
Wildlife of Libya,https://en.wikipedia.org/wiki/Wildlife_of_Libya,CC BY-SA 4.0,environment,Wikipedia
Wildlife of Zimbabwe,https://en.wikipedia.org/wiki/Wildlife_of_Zimbabwe,CC BY-SA 4.0,environment,Wikipedia
Wiley (publisher),https://en.wikipedia.org/wiki/Wiley_%28publisher%29,CC BY-SA 4.0,environment,Wikipedia
Wilhelm Kühne,https://en.wikipedia.org/wiki/Wilhelm_K%C3%BChne,CC BY-SA 4.0,biology,Wikipedia
World population,https://en.wikipedia.org/wiki/World_population,CC BY-SA 4.0,environment,Wikipedia
World War I,https://en.wikipedia.org/wiki/World_War_I,CC BY-SA 4.0,history,Wikipedia
Zygosity,https://en.wikipedia.org/wiki/Zygosity,CC BY-SA 4.0,biology,Wikipedia
Β-Lactam,https://en.wikipedia.org/wiki/%CE%92-Lactam,CC BY-SA 4.0,biology,Wikipedia
